time,message
-904.0,日本VSスペイン FIFA ワールドカップカタール2022 グループE:play_button: https://abe.ma/3TOzBnM
-561.0,テスト期間で勉強中なのに日本対スペインは見るしかないよね
-284.0,おはよう
-270.0,たのしみやぁ！
-233.0,テスト期間まっしぐら高校生見てるけど他にもいそう
-197.0,頑張れよ
-177.0,がんばる！ありがと！
-160.0,でもサッカーはみたい
-120.0,２分切った！
-114.0,そわそわやで
-104.0,にっぽん！がんばれ！
-72.0,眠いけど観るか
-61.0,ねむいな
-57.0,ねむすぎ
-55.0,頑張れ！日本！
-37.0,一分きった！
-28.0,興奮して一睡もできんかった
-12.0,わかるかも
28.09,始まったー！
28.134,はじまった！！！
63.058,微分しながら観てます
66.891,JAPANWIN!!
94.018,0-4でスペインが勝つ
103.639,ガム噛む
109.779,いけー
115.369,起きれた！！！高2です
123.61,がんばれ！
128.071,ないす高２！
128.279,しょうです
128.3,信じようや日本の勝利
135.313,これ試合見れますか？
140.081,小4です
144.283,ゆいさんみれるよ！
150.146,小４？
150.545,今日テストやのに...笑
153.083,小6
157.728,かてよ日本🇯🇵
161.061,俺もテスト高一
165.221,浪人です！
169.591,ガキは寝てろ
170.266,お母さんです
173.846,バモスってなんの意味
177.584,www
181.181,うちもテスト
184.491,アミーゴ？
191.652,テストかなりまずい
192.71,テストなのに...
193.257,顔のデカさに定評のある吉田
193.477,テスト民:raising_hands:
197.227,バモスは英語のレッツゴーてきな
208.684,期末テストか
211.98,自分で携帯代払えるようになってから携帯使えがきんちょども
217.342,眠い
227.796,てすと
230.443,健闘を祈る
233.473,あめはん正解
248.899,YouTubeでも見れるとかAbema神かよ
249.397,三苫控えか
251.217,中3がこんなところでなにしてるんだろうw
255.883,いよいよだ
256.96,テストも頑張れ！
257.579,テストやのに起きるんじゃなくて寝てないんよ
259.577,明日、テスト！！
266.037,これって勝たなければならないやつですか？
275.309,中３www大丈夫か？
275.726,引き分けならどうなります？
276.222,テストの人土日しっかり休も
286.743,頑張れ
292.168,サッカーと同じぐらいテスト難しい
294.089,ほぼほぼ勝たないとやばい 引き分けだと結果次第の運頼みになる
297.223,負ければ終わる
304.146,おい
304.546,頑張れ日本！
304.546,久保が鍵やな
307.283,でもおれも厨房の時オールナイトニッポン聴きながら勉強したなー
307.283,次、四年後だぞ
310.066,頼む勝ってくれ
310.295,あ
310.535,？
312.037,谷口がんばれ！
315.852,え
316.039,なぜ
316.642,え
319.337,あべま行こう！
320.373,え
320.771,くさ
321.97,釣りか
322.753,え
323.265,続きはAbema
323.846,テレビで見ようね
324.626,え？
324.726,わろた
328.261,まじかあ
329.356,あべまいきましょみんな　笑笑
330.287,誘導草
333.846,www
335.335,www
338.05,テレビめんどい
342.481,有料？
343.888,Abemaで無料で観れる
353.22,ないす
355.369,Abema繋がらない
357.193,おっ、きたか
366.586,今日は女性いないんだね
375.024,おや無料で見れるやん
387.933,アプリだから　YouTube見れれば見れるよう
393.445,無料だし
401.877,中学生の人ーーーー
402.444,みたいね そこ行くか
408.247,おはよう
410.344,皆さんどっち勝つと思う
417.093,俺もちろん日本
417.735,:person-turqouise-waving:
421.376,:smiling_face_with_smiling_eyes:
422.578,さてキックオフ！
425.188,中学生の人ー
425.7,おはよ～
426.123,いきましょ！　負けたら終わりは流石に見守ります！
435.779,おは
455.843,本田って解説どこでやってるんだっけ？
459.517,moi moi
466.278,ねむいよ
476.549,じゃあ寝ろや
493.04,おら中学生だで
504.665,これ負けたらもう終わりなんですか？
516.606,終わり
517.0,終わり
525.689,てか、負けで草
544.222,勝てないと決勝行けないな
552.916,スペインそんな強いんですか？
556.002,無理でしょw
560.965,見れるところ教えてください
567.219,あべま以外で
569.827,引き分けで、ドイツとコスタリカも引き分けだったらいける
582.497,3-2で日本勝ちます未来見えました
584.093,地上波でもやってるはず
592.399,あべまって無料？
597.059,スマホで見たいです
601.965,アベマは無料やで
604.618,Twitterで見れるよ
609.195,アプリダウンロードすりゃ見れる
611.709,ブラウザなら無料
621.264,優しい人ばっかりだ
635.866,ありがとうみんな好きだよ
636.547,俺はテレビで見とるわ今
694.234,何時から試合はじまるのですか？
695.123,おはよっ
711.828,テレビで見れないですか？
720.463,アベマはいってないと
744.391,テレビは地上波やってるで
759.371,テレビではこれは見れんぜ
787.079,あぶな
792.295,アベマやってます？
801.675,アベマどうやって見れます？
803.437,いやースペインもいい攻めやなぁ……
818.322,固定してるやつクリック
826.054,テレビ見てます
827.454,:crossed_flags::crossed_flags::crossed_flags::crossed_flags::crossed_flags::crossed_flags::crossed_flags::crossed_flags::crossed_flags::crossed_flags::crossed_flags::crossed_flags::crossed_flags::crossed_flags::crossed_flags:
833.207,情弱だとみれません
856.062,おしー
864.566,惜しかった
885.571,伊東おしいー
886.557,みなさんオールですか？
890.532,うわぁ…序盤攻めるねぇ
891.038,中継がテレビより30秒遅いのよね
899.35,こんばんわ
901.966,なかなか攻めてるやんけ
917.76,オールやで
958.074,こわいなぁ
961.023,おーナイスキャッチ……あぶねぇ
1031.028,みるく！？
1062.984,さのきゅんだ
1085.105,うわあああ
1086.884,ドイツ🇩🇪！
1100.376,うわうんまぁ……！
1113.088,はや
1113.372,レベルの違いが
1113.689,最悪ですー
1120.588,はや
1126.169,はっや
1126.507,スペイン先制ですね
1128.264,レベルが違うな
1128.331,ぁぁぁぁぁ
1128.762,日本よわ
1137.106,もう怖っ
1137.393,はっや
1138.314,こりゃあきついな
1139.219,はいおわた
1139.933,あっさりw
1143.341,スペイン舐めたらあかんてw
1151.072,モラタ…
1154.485,もうオワタ
1157.416,格が違うんよ
1161.807,ラクダは日本を救う
1162.359,終了
1164.253,テレビつけたら点入ってた
1164.755,13-0やな
1169.891,負けてくるってのは逸話…
1178.676,この時間まで起きてた意味…
1182.331,ドイツもどうタイミングで先制
1188.004,今試合してますか？
1201.259,してますよ
1202.629,草
1204.826,20-0でスペイン
1207.178,おやすみ
1210.542,モラタ俺のFIFA18で活躍できないくせに何活躍してんだよ
1212.732,ドフリーわろたｗ
1215.307,寝ますわー
1217.77,おわた
1226.929,日本かなり動かされてるからもう負けやろ
1230.36,もう無理だな
1230.829,結局スペインドイツか
1238.968,日本、もう点とれます？
1242.818,もう終わりか
1247.519,もう寝るわ
1251.176,結局トーナメントはいってもフランスかアルゼンチンに負けるから無理
1253.14,ユニフォームから強そうやもんな
1258.489,あーあ
1262.714,コスタリカに負けた時に終わってたんだよ
1263.813,おわり
1265.734,ベルギーと同じグループだったらなwwwww
1266.047,ホッホッホッ
1267.303,早すぎて潔いww
1272.746,戦意喪失しだすで日本は
1273.304,今何対何？
1279.014,決めなくてはいけないとこで日本は決めれないがスペインは決めるんだよなー
1281.524,早寝できるわ
1285.883,3-0
1286.936,1-0で負けとるで〜
1290.596,スペインはパスサッカーやからなぁ　無理なプレスはかけないし、無理なら戻してまたゲームを作り直す。これはずっとスペインがして来たサッカーだからなぁ
1293.788,この時点で1てん
1302.743,3-0はヤバい
1304.035,ドイツに勝ったビッグチャンスをコスタリカで台無しにした
1309.815,100対0
1310.416,前半で3-0と読む
1317.343,10-0かなｗｗｗ
1320.32,スペインうまいなぁ
1324.331,やっぱサッカー上手いってわかるチームのプレイですごいな
1327.94,みんな騙さんでや
1330.332,稲本潤一、連れてきて
1330.824,2-0なったら戦意喪失してコスタリカみたいになるだろ
1334.061,ドイツも先制したから日本可能性低いかもね
1339.325,コスタリカに負けた段階でドイツはまぐれでスペインてそれが実証されてしまうのか
1341.76,コスタリカ戦の日本代表ほんまに酷くて泣ける
1342.787,負けてるのにプレス行かないのな
1346.128,70％ドイツにボール保持してるな
1353.733,あとリトル本田！w
1361.99,スペイン2位通過を狙うという陰謀論はどこいったの・・w
1376.033,スペイン上手いなぁ
1378.117,前田ボールと見間違うわ
1380.929,つええ
1381.085,なんでコスタリカに負けたん？？
1382.217,それはあくまで記者の発言だからね
1395.016,ドイツはまぐれや
1399.906,前田、ディフェンスの時さぼるな！！
1405.288,ホンダさんは解説しないんですか？
1405.342,コスタリカは不抜けてましたわ
1405.891,三笘はよ
1414.557,弱いから負けた
1416.161,ボールとらしてくれないなー
1424.158,コスタリカドイツよりも簡単そうなのに
1431.703,ずっとスペインのボール
1434.359,パス回しの差よ
1436.153,スペインごりごり取りに来るなー
1445.806,スペイン「ドイツが決勝行ったら厄介だから、上手く日本に勝たせよう」だったら良かったのに
1449.058,負けてるのか
1452.281,レベルの差を感じる
1457.898,あまいよ日本は。まだまだすぎる
1462.019,こんなパス回し日本にはできない
1462.234,してるで、アベマで本田△
1473.174,日本にスターはいないの？？
1474.285,ドイツ勝ったらスペインオウンゴールしてくれるよね？
1475.475,上手いチームのプレイを見るのもまた一興
1477.853,ドイツ戦はマジでまぐれ
1479.283,おやすみなさい
1480.163,スペインと日本どれくらい差がある？例えるなら
1480.511,三笘薫はよ
1481.027,すぐボールとられる
1492.716,大迫！ー
1502.791,わさと負けるのも難しい展開だな
1504.932,久保おるん？
1504.933,よくて引き分けかなぁ　勝つって事は無いと思うねんけどなぁ。でも全力で頑張ってほしい
1507.274,こすった里香
1507.303,神の手
1510.964,勝てる未来みれないだろ、スペインずっと支配してる
1528.189,ゲームはスペインが支配してるよな
1530.673,森保監督って本当に大丈夫？？
1532.865,草
1534.703,ドイツ戦は実力ではなかったよなー
1537.386,しかし、１点目、だれもマークにいってなかったな
1537.733,日本走らされてる
1542.356,子供の孫悟空と第二形態のフリーザくらい？
1542.41,日本は負けたな
1550.733,森保さんお疲れ様でした。
1552.723,そりゃ、リーグに優勝経験ありの国２つあるしコスタリカに負けるしもうむりだよ
1552.886,受渡すらできていないのか
1553.06,ずっと攻められてるw
1553.187,運も実力のうちや！
1561.226,早寝できるあざっす
1565.374,ドイツ戦もこっから勝ったんやで
1566.034,鎌田守備サボってね？
1566.221,吉田と谷口の問題
1567.626,日本はドイツ、スペイン、引いた時点で負けた
1570.829,里香にこすられた。 こすった里香
1573.546,これが元々の実力、普通です
1573.847,4年後のこと考えてこ
1575.732,この0-1がドイツ戦の時みたいな付箋だったらめちゃくちゃ痺れるし熱いけどな
1579.304,前田ーー！
1598.625,みんな早起きお疲れ様、仕事に備えて寝ましょう今からならまだ寝れる
1603.003,日本かなり走らされてるから後半は持たない。そして既にスペイン1点。無理
1605.195,日本敗北乙
1608.885,日曜日よりの使者　ポジティブ思考好きよ
1609.482,守備ズルズル
1611.274,まぁ今のところ…というか変わらんかもしれないけどスペインの勝ちムードやね 今日は休みだからいいが。
1612.171,勝負の世界に絶対はないからね〜応援しましょ:victory_hand:
1612.995,前田の存在価値は走るのみ！！
1614.725,餃子VSブロリー
1615.348,日本お疲れ
1619.104,ブスケツがマジで不動。ずっと中央にいる
1624.339,ボールとらんと 勝てねー
1632.455,男のロマンは女のマロン:chestnut:
1632.683,日本全然ボール持てない草
1634.642,起きたばかりだけど寝れるわよかった
1638.457,鎌田が消えてるな
1643.366,じわじわ確実に攻めてくる。こりゃ強いわ。
1648.502,見るたびにスペインしかボール持ってねえ
1660.223,鎌田居る？
1660.704,コスタリカ戦戦犯かましたツケが回ってきたな
1662.298,日本は強いドイツに勝てた、弱いコスタリカに負けた、意味分からん
1666.043,日本のさっきのシュートはずしたのもスペインなら、きめてたかな
1668.422,いけスペイン
1672.271,パス回しが上手すぎるねんなスペインは
1675.432,あー...
1675.836,ある意味予想通りすぎておもんないんよw
1676.261,:face-red-droopy-eyes:
1679.905,なにしてるん
1679.905,五条悟対餃子
1683.604,ボールへの反応、視野の広さ、パスの正確さがレベチ。日本には無理だわ
1685.895,遊ばれてるやんw
1692.237,持ったいねえ
1692.237,圧力がすごいな
1697.574,いつになったらボールさわらしてくれるんだよ
1701.501,もうスペイン応援してる、日本をぼこしてください
1706.508,領域展開
1712.222,コスタリカ応援するわ
1712.521,取りいかんの作戦なのか
1713.601,スペイン5-0小日本
1715.428,無敵艦隊スペインやからなぁ
1719.215,こすった里香
1724.734,5-0ぐらいでぼこしてくれ
1725.44,コイツら映さずサッカー映して
1726.471,青虫vs赤鬼
1730.338,日本っていつまで経ってもこれくらいのレベルだよね
1730.411,そりゃあコスタリカに6-0で勝ってる奴らだ。 レベルが違う
1731.472,長友…
1731.473,日本のFWワントップやん、スペインのDFで落ち着いてボール回し出来ちゃうよな
1734.475,だめだ長友
1736.631,渋谷で大騒ぎするごみどもを見なくてすむから負けてくれ
1739.895,ウェーブ草
1744.329,長友！！
1744.329,コスタリカ戦はサッカー見れるぞ
1746.833,スペインが無敵艦隊なら日本は手漕ぎボート
1749.126,コスタリカから7点とるだけあるなスペイン
1753.305,やはり日本は弱い
1753.698,あと70年かかるわベスト８いくのに
1756.35,12年後には日本勝てる
1762.711,モラタ、アセンシオ、ブスケツ、アルバ、スペインにはスターがたくさん居るからなぁ
1774.436,大人にあそばれてる子供のよーだ
1781.169,おしい！
1781.386,は？
1782.211,あぶな
1784.101,ようとったなあれ
1785.569,点取らないとダメなのにいつまで1トップなんやアホ
1785.789,ホンダがいたときがおもろかったなあ
1785.877,遊ばれとるw
1786.405,手加減してくれよw
1786.712,あぶない...
1789.585,勝てるわけねーだろ
1789.585,久保建英。
1791.674,危なすぎだろ
1793.975,森保のフォーメーションの配置センスがないわ
1795.987,こすった里香
1797.492,おしいよスペイン！
1812.909,コスタリカかってくれｗ
1813.037,なんだかんだ言って、ドリブル、パス回しが下手
1827.948,モラタ怖すぎ
1829.276,0-2で負けるから
1829.553,森保監督の試合が見られるのも最後か
1830.844,スペイン10点いれてくれ
1830.85,これでもスペイン手加減してそうだが
1833.725,日本のサッカーはつまらな過ぎる　弱いのに面白くないのはクソ
1836.825,三苫は意地でもださないな
1840.69,日本の応援やめてスペインに手のひら返しくるりんぱまじで草
1841.048,79%ってえぐいな
1843.918,コメ欄地獄で草
1851.775,ボール日本13% スペイン79%やと
1853.561,今から監督交代って出来るんだよな？
1860.538,三笘だしても、ボールまわせないな
1862.284,あーぶないよー
1864.679,いけ！おしい
1869.86,まだ本気だしてないんだな。こないだのドイツ戦と同じ作戦で勝てると思ってしまっているのであった
1870.268,男のロマンは女のマロン:chestnut:
1870.471,試合も地獄よw
1873.897,0-2でまけるのにね？
1877.564,２点目は怖いな
1877.836,常にゴール狙われとる
1880.132,スペインいいよー！
1888.904,よう攻めるねースペインは
1894.972,どMばっか
1899.894,てかこれやらスペインに４点いれられるね
1900.699,↑草
1904.591,はんぱねぇスペイン
1915.698,またモラタやないかシュートしたの
1915.833,どのチーム応援してんねんw
1916.541,本田:rolling_on_the_floor_laughing:
1916.913,日本はパス回し、ドリブル下手。。
1924.394,こちらのメンバーさんはM!lkさんというのね!!（！使ってるのが面白いですね:flushed_face:）気になってしまって調べてた。これで試合に集中しよ。
1924.845,はいオフサイド
1929.121,スペイン攻めるときしか走ってない、日本は前に後に走らされてる
1933.499,もうみんなスペインや
1933.991,必死になるならコスタリカ戦でなっとかんと
1934.586,1対0で折り返して欲しいね〜それならまだ希望はある笑
1938.423,頑張れ赤チーム
1938.727,ダメだこりゃ
1940.421,支配率うんこ
1941.992,お手本のようなオフサイ
1947.016,にほん、よわ
1947.727,なんたいなに？
1948.601,絶っっっっったい負ける笑
1954.377,相馬スタメンに入れなかったのだけは、評価できるわ
1954.769,もう1点とろ
1957.107,0ー2で負けるから、決まってるのよ。
1957.812,つまりこのスペインに引き分けたドイツも強いって事が証明されたね
1961.332,日本人がサッカーやるの、50年早い
1963.981,なんで日本ドイツに勝ったんだ？
1973.288,マグレ
1976.405,俺は3-0にかけておくかね
1978.524,ドイツ２点目はいった
1978.618,ポジショニング全然ダメ
1980.127,コスタリカ戦以下に日本弱い
1980.534,すぐとられる
1980.708,マグレ
1983.995,ドイツに勝ったのはマグレ
1985.293,そもそもアジア枠多すぎる
1987.259,はぇ！？2点目！？
1988.913,ドイツが偶々油断しただけ
1989.549,ドイツがわざと勝たせたんだろう、
1999.057,ドイツ早すぎぃ
2000.222,戦略も戦術もない
2004.616,逆転ゴールするかなぁ〜あぁぁぁぁ無理かぁ
2008.911,コスタリカに負けたのが実力
2009.294,ドイツの演出よ
2010.333,今から寝るから起きたとき4-0になってるのに俺の心臓をかける
2010.625,また4年後頑張ろう🇯🇵
2018.163,ちゃんとシナリオがあって、わざわざ負けてあげてるドイツがいるんだよ。
2018.624,てか、アメリカとかトーナメント入りするの初めて見たわ
2021.005,3対0くらいで勘弁してほしい
2025.571,そんなことに心臓かけるんじゃあないよ
2027.202,つまらんグループだな笑
2033.354,また4年後頑張ろう🇯🇵
2033.819,ドイツ戦は、日本弱すぎて遊び過ぎただけでしょ
2048.151,3秒でボール取られるの草
2049.901,この(最初の)攻めをコスタリカ戦でしないといけなかったよな　何故にあそこまで消極的だったのか……
2053.724,チェンソーマンの監督といい森保といい、ダメダメだ
2055.011,まぁでも、サウジアラビアがアルゼンチンに勝ってるし、モロッコがベルギーに勝ったりしてるし、サッカーは最後まで何があるか分からんから、諦めず頑張れ！
2061.768,4年後もまたはいたいやで、そのくりかえし
2063.44,ドイツは煽ってたしな あの走りを見たか？ どー見ても油断してた
2065.711,これで仮に決勝トーナメント行っても。。。
2070.001,勝負の世界に演出とかないでしょ
2074.019,そういやこの主審、八百長大嫌いな人だったね
2079.447,守田、交代
2081.802,おい！俺達のブスケスに何してんねん
2082.461,日本人は欧米人並みに遺伝子操作して肉体改造要！
2088.323,興行ですから
2094.185,は？
2097.002,チャンスや
2097.003,10分くらいしか日本ボール触れないんじゃないｗ
2097.202,は？ なんで取れんのんあれ
2112.483,すぐ取られるね
2114.148,誰や！チェンソーマン監督の悪口言ったやつわ！
2114.611,一瞬でもチャンス終わってて草
2116.628,仮に日本勝った場合、クロアチアかモロッコと闘うことになるけど、絶対負けそうな予感しかせん
2124.599,バナナボートじゃ無敵艦隊にはかなわんよ
2125.31,ブスケツ後ろから削ってケガさせたらワンチャンあるぞ！
2125.858,ずっとスペインボール。。
2135.131,仮に決めても一瞬でまたやられる定期
2140.211,これは、、ダメだ
2148.932,ボール　日本13% スペイン80%とな
2148.987,固まりすぎとちゃう？？？
2149.013,スペインに遊ばれてて草ww
2154.461,スペインは体力余ってるからなぁ。後半に責められておわりや
2156.842,草
2161.47,俺達のスペイン最強や
2162.152,スペインやっぱうまいな
2167.259,走らせて体力削るんやな
2175.965,だよね
2176.595,遊ばれてるやんww
2176.796,スペインに失礼
2183.223,スペイン最強すぎるんだよな
2183.908,この代表たち、日本に帰ってくんな
2184.078,こすった里香
2185.678,日本13%もあったの？1桁の間違いでは？
2185.68,3-1
2190.87,スペインにしたら練習にもならんやろ
2192.354,スペインのボールまわしの練習相手にもなってない
2193.368,こんなにも力の差が出るとは、、、
2193.381,弱すぎ
2197.946,男のロマンは女のマロン:chestnut:
2198.041,誰やねん勝てるとか言うた奴
2201.34,まぐれがもう一回あれば
2201.515,おちょくられてるボールすら取れず体力削られてるのに後半に点取れるわけないだろ
2204.499,フィファ始まる前から負けることわかるようなリーグだった
2205.784,でもスペインランキング1位じゃねぇんだよな…
2206.592,ここまで来たらスペイン圧倒的点差で買って欲しい
2207.506,なんか練習試合みたいになってきたな
2208.315,かてにほん
2215.167,スペインの応援歌うたいたい
2220.396,なな、ならな。なな、な、なな、な
2221.517,コスタリカに負けた時点で終わった
2221.829,１位誰？
2232.667,ブラジル
2233.044,スペインは別に無理してプレスかける必要ないからね。日本釜攻めて来たら守る。後は自分達のパスサッカーをするだけ。だからボールが日本は奪えない
2233.541,恥晒しだから日本サッカーは国際戦するな
2234.585,コスタリカに負けたのがなぁ あまりにも
2236.328,これで日本が負けたら納得
2242.225,コスタリカを舐め腐った森保は国外追放
2242.311,日本弱過ぎて勝負にならん
2245.221,キーパーのボールまで取りに走るとか日本よっぽどやんけ
2250.138,まだ同点なら許し……たか？
2250.898,サッカーゲームをPC相手にプレイしてるくらい日本が弱い…
2252.613,ブ〜はブスケツのブ〜
2254.861,コスタリカ以下なのよくわかる
2274.64,あーぁすぐ取られる……
2275.326,後半守田四人ぐらい削れよ
2279.847,スペインvsドイツ 生で見たかったな
2280.132,だからなんであのパス取れないんだよワロタ
2283.651,やる気ないやん
2286.031,スペイン＝プレイヤー　　日本＝bot
2288.635,コスタリカに負けたのが実力
2289.855,吉田五人削れよ？
2292.525,日本のパスは一瞬考えてからうつのが遅いんだな
2298.674,コスタリカさんが7点とられた理由がわかった
2299.791,すごい試合してるな:woman_frowning:
2300.779,日本をゲームにするなら弱CPU
2309.203,井の中の蛙「自分たちのサッカーができれば勝てる！」
2312.046,よわ
2313.405,できてねえよw
2319.814,jリーガーがかなうわけない
2322.361,おいマエダこら
2329.657,もう吉田さがれ
2329.945,日本人はパス回し下手すぎ
2332.528,ドイツ　コスタリカを並べてみているとよく分かるね。日本は決勝行ってはいけないチーム。レベルが違い過ぎる。
2344.065,俺達のスペイン選手に何してんねん
2344.922,うちわもめ
2346.599,自分たちのサッカー、とは
2348.66,トイレ行く時間があって良かった
2348.66,長友いらん
2350.788,一生懸命やってくれてるんだからそんなこというなよ
2353.941,これは何してんの
2359.48,引き分けたら総得点で目があるの？
2360.176,まぢいらん
2367.807,駅弁
2368.118,ある
2369.127,男同士でイチャイチャすんなよ
2372.294,南野カッコイイ
2372.423,決勝行ってもモロッコかクロアチアに負けるだけ
2376.941,キャプテンが使えねぇーからなw
2379.532,一応あるけど、ドイツ勝ってるから無理では？
2381.259,maradoそれな
2386.309,いい感じに削ってる。いいぞ
2386.653,なにしてんねんww
2388.147,引き分けた場合、ドイツがコスタリカに1点差で勝ったら突破だった気が
2391.805,w
2396.176,トーナメント進んでも、どうせ日本は負けるからスペインが勝つべき
2397.058,5バックでも簡単に突破するドイツ。後ろで回す日本。いつも言うのは「後半勝負」そして後半にばてる。毎回こればかり。
2399.285,試合する前の燃え上がりが。。。。冷たくなってきた
2404.932,長友さんがインタビューで言ってた。スペイン戦は勝つ道筋が見えてるし、準備が出来てる。って。←どこがやねんw
2407.216,日本が引き分けても、ドイツとコスタリカも引き分けないとダメ
2408.353,今2-0やろたしか
2409.76,こいつら裏で何遊んでんの？
2411.47,マークとクリア 小学生の息子が呆れるサムライジャパンのサッカー
2413.522,は？
2417.46,ナイススペイン！
2419.517,コスタリカに負けたのはドイツに勝った優越感で調子に乗ったからや。ほんとにあのクソプレーいつ見ても腹立つ
2420.646,ぃぃぃぃぃぃぃぃぃぃぃぃぃぃぃぃぃぃぃぃぃぃぃぃぃぃぃぃぃぃぃぃぃぃぃぃぃぃぃぃぃぃぃぃぃぃぃぃぃぃぃぃぃぃぃぃぃぃぃぃぃぃぃぃぃぃぃぃぃぃぃぃぃぃぃぃぃぃぃぃぃぃぃぃぃぃぃぃぃぃぃぃぃぃぃぃぃぃぃぃぃぃぃぃぃぃぃぃぃぃぃぃぃぃぃぃぃぃぃぃぃぃぃぃぃぃぃぃぃぃぃぃぃぃぃぃぃぃぃぃぃぃぃぃぃぃぃぃぃぃぃぃぃぃぃぃぃぃぃぃぃぃぃぃぃぃぃぃぃぃぃぃぃぃぃぃぃぃぃぃぃぃぃぃぃぃぃぃぃぃぃぃぃぃぃぃぃぃぃぃ
2420.834,ガチで日本何してるん？w
2425.999,日本は負けてもちゃんと掃除していってちゃんと世界にアピールするからそれでよい
2426.257,スペイン選手みんな涼しい顔してるな
2429.14,ディフェンスもいけるやん
2429.599,こすった里香
2430.849,森保クビ
2433.672,アンチしかいないやん
2434.818,90分追うのしんどいのはわかるけど、コース限定できたときくらいは行ってほしい
2435.147,モロッコ強い？クロアチアは前回２位だったから知ってるけど
2435.365,あ、守備練習か！
2436.451,終わってんな
2440.349,インハイ1位のサッカー部の方が上手い説www
2440.616,谷口イケメンやな〜
2445.749,素直に応援しろよ
2452.122,あぶねー
2453.237,ガチってどういう意味？
2458.169,なんやねん。。。
2458.682,ありがと、せめてドイツと勝ち点で並びたいけどね
2460.851,ドイツ戦後の堂安のドヤ顔で俺しかいねえは草ww
2464.991,全体的にFWひどいわ、堂安と三笘なぜいないの？
2465.179,上達しないトラップ。常に２トラップして攻撃がワンテンポ遅れる。遅れるのに周りが対応できない想像力の欠如。
2465.711,ボール奪っても30秒でスペインボールになるのなんでなん？
2466.839,今のトラップで上手いとわかる
2468.099,みんなー！wメロンMCとかいう善人ぶるやつはほっとこ
2477.247,モロッコはベルギーに勝ってますよ〜
2479.061,ナイス審判
2479.166,なんでボールを奪ったあと周りは動かないんだ
2487.486,もう伊藤投入や
2487.628,記念にシュート打っとこーぜ
2492.046,堂安はいらん。笑 申し訳ない
2492.839,応援とか以前にスペインに遊ばれ過ぎてて試合になってないやん
2494.796,ガチってどういう意味！:anger_symbol:
2496.395,まえだいいぞ
2498.156,もう負け確定だな
2501.665,結局
2501.839,YouTubeのコメント欄に期待したらあかんよ
2505.641,三苫いけ！
2507.32,まだ0-1なんやから笑　なんだかんだ見てるんだから応援してあげなよ
2507.32,くさ
2507.961,堂安はそこまででしょ
2508.377,ガビもうサッカー出来ないように削るよな？
2508.832,前田w
2511.322,社会の底辺しか居ないから
2512.163,坂本だせ
2513.551,足に吸い付くトラップが出来るスペイン、ドイツ、コスタリカ。バタバタする日本。
2516.664,前田いいほうやろ
2519.014,前田しか動かんなこのチーム
2519.383,伊藤、三笘、堂安は？監督のセンスゼロだな
2519.568,やる気どけでもみせてもらいたい
2526.406,なら、スペインドイツが決勝行ったほうがいいな
2528.31,果てしなく遠い1点だけどな
2532.375,負け確定で坂本だせ
2534.353,ドイツコスタリカこのままのスコアなら日本1点返せば突破だぞ
2535.084,「ガチ」ってどういう意味？:anger_symbol:
2538.404,やる気どけ(笑)
2545.956,日本はけつあな確定
2550.135,堂安と言ってる人のセンス
2550.227,優勝候補２国でだれ勝つか楽しみ増えそうだから
2551.641,ドイツの時は一瞬の隙から入れたもんな
2554.002,もういいって潔く負けろ日本
2571.962,全然攻めらんねーじゃん
2572.965,おしい
2576.329,お、やるやん
2579.229,おっし
2579.953,エリア内で自分の体制にならないとシュートできない選手。
2581.428,かっこいい負け方してくれ！
2583.268,あぶねー
2585.62,弱っ‥
2586.479,大会じゃなくてパス連やってるやんwww
2588.646,スペイン休憩に入ったな
2589.391,ここの一連は良かったね
2590.107,ナイスディフェンス
2600.186,ちょっとぐらい応援しようよー
2606.343,日本頑張れ！
2607.192,悲しいな
2609.461,おしくもない、あんなへぼトラップにシュートなんか。個々のプレーが弱いな
2609.964,惜しい
2611.531,金玉蹴れ！
2611.573,ダメ元シュート
2611.726,スペイン舐めプ始めるで？w
2613.144,たまーに良くなるけど、取れないんよボールが
2617.922,みんな応援してるから見てるんだろ
2617.974,鎌田の俺が俺が感、今日の一悪だとおもう
2623.071,日本が珍しくサッカーしてたｗ
2627.974,まさか　前半我慢の後半勝負？おいおいベテルのはいつも日本。そんな事言うのは世界レベルのみ。
2629.824,おースペイン！スペイン！スペイン！
2632.126,日本人ってほんとネガティヴ思考だよな〜笑
2633.678,守田何もしないなら六人削れよ
2634.876,日本はゴール前でのパス回し好きだよな
2636.261,どこで見れるの？
2639.984,日本サポータ本当にありがとう。
2649.35,監督があかんな
2650.315,練習からフットサルをとり入れてる国と、そうでない国の差
2655.402,我慢はしてないと思うけどな 最初かなり攻めたし
2656.881,先回りでネガティブになるんはおっさんや　イケイケでいこう！
2656.969,鎌田ほんとに.
2664.05,さあ2点目いこうか
2666.839,アメバなら登録してたら見れますよ
2667.691,ほとんどアンチなんだけど
2677.47,地上波でも見れますよ
2678.75,スペインを疲れさせる作戦で自ら疲れてしまい墓穴を掘る感じだな
2680.257,テレビで見れるやろガガイノガイ
2682.313,勉強してくる
2684.795,同じ最後なら、イエローカードもらってもいいから、太ももに膝蹴り入れろよ
2686.766,スペインに遊ばれるw
2688.328,アンチというより俯瞰的に見てこうなんよ
2689.959,チェンソーマンの監督も日本代表の監督もダメダメだわ
2701.592,ブラジル優勝譲るためにスペイン選手全員削れ
2705.442,日本の監督完全に変えた方がええな
2710.202,見てるんだからアンチすんな
2715.581,チェンソーマンの作者巻き込まれてんのクソワロタ
2718.269,寝るかなぁ
2719.035,だれや！チェンソーマン監督の悪口言うやつわ！
2720.79,なんでコラボとかしてる方が音声いいんですかねチェンソーマンは
2731.367,アンチとか言ってる奴ちゃんと見ろやプランクトン
2731.416,この１１名の日本人のコミュ力の低さに笑いが出る
2732.918,カラテサッカー
2733.704,相手の日本ってチームは一歩目遅いね
2735.226,作者は有能だろ！ 悪いのはアニメ監督や！
2741.549,コスタリカも守りながら攻撃態勢に入れる。日本は坊主と11番がチョロチョロして特に攻撃無し。残念だがこのレベルは次のステージで見たくない。アジア1位はやはり韓国。
2742.692,イタクラ、まじいらん
2742.825,姫野先輩
2744.377,ナイス削り
2745.039,アンチではなくみたまま感じたままのこと
2745.973,くだらね
2746.075,俺達のスペイン最強！
2747.797,大丈夫。日本の監督は必ず変わるから。
2749.31,三苫と堂安だせや
2753.347,伊藤、スペイン選手蹴っ飛ばしてて草w ww
2757.34,ここで関係のない、アニメの名前出すのはやめましょ
2759.918,そう悪いのはアニメ監督
2761.705,ここに映ってる人、雑談多くなってきましたね
2762.408,あれ？もう40分
2769.676,めちゃ守りのラインだけど簡単に点取られるよね
2770.287,ここでボコられたら監督変わるんかね
2772.08,柴崎を出さない時点でスペイン戦は終わった
2772.591,誰かこいつらの事もかまってやれよ
2773.99,点数入れて手のひら返しに期待ｗ
2778.04,批判も自由だと思う。まあ目があるうちは応援したいよな。
2779.391,板倉w
2780.504,堂安だけ
2780.692,森保この後どうする？？
2783.403,つかえんこ
2785.049,田舎はランドリー空きっぱなし
2787.553,そりゃあ動きないとつまらないっすよ
2789.95,サッカーなんて年齢層広いんだから感想の価値観は違って当たり前なんよ。何がアンチや
2790.249,チェンソーマンのアニメ監督ガンバレ！
2796.766,ひめのしんだ
2798.319,監督の差よ
2801.881,あのさぁ……
2802.011,なにしよん笑笑笑笑
2803.44,なにしてんねん、日本
2807.474,は？？？？ｗｗｗ
2810.519,おいおい　17番　何してんの？
2811.38,キープ力皆無
2812.31,下手過ぎる
2812.668,フィジカル強いな俺達のスペイン
2814.938,えぐwww
2815.811,アメフトしてんのか笑笑
2821.512,もうちょっとボール取りに行かないと:sweat_droplets:日本 スペイン遊んでるやん:rolling_on_the_floor_laughing:
2826.064,こりゃダメだ
2827.778,基礎が違うんだ基礎が
2829.465,これは酷いね・・・
2829.69,やりきれよ
2830.571,森保←放心
2831.64,前半1-0ならまだまぐれはある
2840.938,下手すぎてみんなイライラしてる
2843.099,どこをどうしたらいいのか意見を言うことはアンチではない。すーぐアンチアンチいう
2843.27,ねーわ
2845.372,ダメと思う人は寝たほうがいいと思うよ・・
2845.519,ミスというか、レベルひく
2848.401,前半11分だぞw
2850.788,森保（んほおおおおおお）
2851.799,点とるきなさそうだね
2855.638,なぜすぐにパスを出さない
2858.122,もうミドル狙ったほうが確率あるんじゃね？
2861.743,確かに基礎が違い過ぎる。口だけはプロだけど
2862.049,やっぱりボランチは重要だ
2862.5,まーた後半やるやつかこれぇ
2873.775,とゆーか、高校生出したほうがまだやる
2877.711,森保（よし、スペイン応援するか）
2879.59,みんな明日仕事か学校だけど応援してんだよね
2882.267,もう超サイヤ人になっても勝てねえ
2884.979,森保じゃなくて本田さんに監督してほしかった
2889.001,富安ー
2889.337,俺達のスペインは次戦に備えてパス練習してるぜ
2891.16,こいつら、だめだぁ
2891.523,出場国で一番弱い
2893.972,日本まじでチャンス活かせよ
2894.311,森保メモをちまちま取ってる場合じゃねーぞ
2899.213,ブリキのゼンマイ仕掛け・・簡単に抜けるパス
2905.399,日本の25番て何もしてないけど何で？
2908.128,テクニックがちげぇぇw
2913.023,上手い
2914.565,終わったな
2914.961,パス上手いなぁほんと
2918.401,スペインうますぎ
2923.401,よしだ、まーくみろばか
2927.606,まじでスペインお父さんじゃんｗ
2928.895,もうこれやっぱりあれだわ。遺伝子レベルで無理
2928.895,プレスをかけきれない赤
2929.757,日本選手歩いてて草w
2929.813,スペインブラボー
2931.124,レベルちがう
2936.538,俺ラーメン食べるなら醤油
2936.755,あーあ
2940.048,まだ0-1やんけ素直に応援してあげなよ笑
2940.622,つまんねぇ話ししてんな
2941.146,奇跡おきてくれ
2943.272,毎度ながら個人技に恐ろしい差を感じるな
2944.194,守備の時もっと圧かけろよw
2944.576,コスタリカ戦と同じくらいシュートチャンスゼロw
2948.087,吉田いらんやろ
2949.963,好きな寿司ネタはサーモンです
2958.194,スペインブラボー
2959.202,なんでや最初打ったやろ！
2961.058,こんなにも差があるんだな。
2965.6,キムチ食べよーぜ
2968.594,いーたーくらー:woman_frowning:
2969.116,遊ばれてるやんwz
2972.158,吉田はいらないな
2974.808,世界の壁は高すぎる
2977.919,スペインは常エリアに4人　日本は坊主のみ。点は取れる訳ない
2978.015,固まりすぎなんよ日本w
2982.228,それ、ガチ吉田使えん
2984.123,時間たつにつれて追えなくなってくるだろうな
2985.814,日本、メッシ並みのドリブルを「簡単に」できないのか？
2987.195,三苫入れろよ
2988.506,相変わらずの日本代表で笑
2991.664,1-1-8でいいべ
2993.018,日本、メッシ並みのドリブルを「簡単に」できないのか？
2993.854,画面のヤツら眠いんか？笑
2995.183,これ以上の失点とか絶望的じゃんｗ
2995.312,サッカーのレベルも低いし国民のレベルも低いんやね
2997.525,三苫〜
2997.86,パスで遊ばれてて草ww
3005.01,個人の技術が違いすぎる
3005.526,簡単にできるようになるまでがムズいのでは？
3015.867,なんだこの壁パス(笑)
3016.553,前田がポストになってないな・・・
3017.005,守備何のんびり歩いとんねんw取りいけやw煽られてんぞw
3017.826,こりゃ２０３高地の戦い見てるみたい 日本人ってここまで欧米に劣るんだ
3019.636,パス回しが下手だな
3020.459,解説しようがないな
3021.525,日本、メッシ並みのドリブルを「簡単に」できないのか？
3025.868,これっくらいのお弁当箱に、増税増税ちょっと増税
3030.855,下手過ぎてイライラ:anger_symbol:
3034.389,前半もう終わりか
3037.836,パスで遊ばれてるというより、パスサッカーがスペインやから、遊んではないと思うで
3040.31,ナイス削り
3040.961,できんわ59569
3043.609,アベマのやつも解説してねーやんww
3054.073,パス回すのが上手いからねぇ
3055.435,イライラもおきなくなった
3056.19,昔いたね　全然でキーパーにまとわりつくだけのFW。誰だったかな・・・
3059.273,かいせつのしよーがない
3059.481,"スペインのボール所持時間が日本の5,6倍ありそう"
3062.394,ブラジルのためにもブスケツは怪我させるべき
3062.431,谷口ぃ！！
3062.596,応援スタジオとか言って好感度上げてるチャンネル
3063.626,歩いてるのではない、走れないぐらいパス回されてバテてるのです。
3071.88,まえだ
3082.958,寄せが遅れはじめてる、結果ファールに
3090.324,もー勝ちは望まないからやる気だけだしてくれ
3095.068,なんか日本の小林サッカー見え隠れしとるやん
3097.403,吉田いえろーかーどwww
3097.719,AI投入しろ！！
3099.664,相手の青チームラフプレーばっかやん
3104.397,中国サッカーに期待
3104.713,吉田　退場やらかすんじゃねーぞ
3106.431,爪痕残せよw
3107.355,よしだ、恥ずかしいからガチャガチャごねるな
3110.833,音切ってチャット用にしてる奴多そうww
3111.091,イエロー2人目やぞ！
3114.927,吉田なにやってんだよ
3120.685,よwしwwだwwww
3121.142,意味のないイエロー
3121.533,退場せえ
3124.434,なんか言ってて草
3125.455,はい、吉田
3125.904,吉田日本の恥ww
3127.157,吉田
3127.157,スペインまったくイエロー無いぞｗ見習えよ
3127.78,イエローw
3131.306,よしだw
3132.996,もう最後の試合だしね
3133.438,守備は個人どうこうより、もう少し統一したい
3136.477,吉田いいぞ。モラタ怪我させるのもあり
3139.531,外国勢は演技も上手いからなあ
3142.611,よしだ、せおってねー
3148.281,吉田やらかした 1回目
3148.283,次試合ないからな！意味のないイエローだ
3148.748,日本可哀想や、みてられない
3149.082,コメントこわ...
3149.141,吉田、長友はずしたほうがいい
3150.789,日本は決勝に行ってはいけないチーム。スペインは1点取ってドイツ、コスタリカの状況を知りながら引き金を引いてる状況。それでも対応できないレベルの低さ。
3152.862,吉田触れてなかったね
3156.877,さてそろそろ前半終わるが
3156.895,22番、下手なくせに抗議はするんだ
3158.155,テコンサッカー
3158.86,スペインがパスサッカーなら日本はなに
3159.648,おいおい、日本選手だけ競技が違うぞww 格闘技しにきてるんかw
3163.835,今のは吉田が怒る理由がわかった
3164.187,おしい、
3164.386,最後の試合とか言うなよ！！！
3175.308,日本、サッカーの演技にしに来たのか？
3177.125,パイナップル
3178.312,日本は…なんだろうな？
3178.963,まってwwwwなにこいつwwwww髪型ワロスwwww
3183.582,ここで終わってもいい、、、ありったけを
3187.161,早めに2点目入れてくれた方が日本国民は眠れる
3191.036,終わったな
3192.083,ここでしのげよ
3194.189,カタールとこれでバイバイ
3195.289,いく1人、切る方向
3198.68,背が高いだけの吉田のくせに、セットプレーに一つも関わってねー
3201.143,お、前半終わり
3201.622,とりま、応援に来た観客のチケット代くらい負担してやろーぜw
3203.174,まだ1-0
3204.691,悪口ではなく冷静に見た方が良い。だから日本のサッカーは髪の色だけ世界レベルで技術は底辺なんですよ。
3205.847,ガチで早起きして後悔しとる
3208.61,青チーム弱いわ
3209.643,ボールのキープ力が違うね
3210.736,アンチばっかやんこのコメ欄
3211.996,前半終わりか
3215.903,1点で凌げたじゃないかー
3217.591,いや
3218.806,まずはパイナップル頭を潰そう
3219.647,誰だ誰だ責任者は
3220.939,負けて日本かえるの嫌やろな
3227.605,森保www
3228.628,森保（かえりてえ~）
3228.963,よく１点で耐えた、が正解だろうな
3229.523,日本だけ格闘技しにきとるやんw w
3232.706,日本人ぶった　奴らいて草
3233.895,こんな髪の毛染めてる他の国いないぞ(笑)
3234.306,俺達のスペイン楽勝やな
3235.598,後半がんばれ
3236.744,日本代表という名のうんち
3237.044,最初はお？と思ったけどこんな感じですか
3237.393,未だに吉田が出てるということは、それだけ押しのける人が出てきてないということなのよ
3239.051,砂漠でてきたww
3239.657,前半終わりでやる気ない日本と点取りに来るスペインってことか。
3241.256,耐えた
3241.289,鎌田にしか期待してない
3241.925,くさくさくさかさくさくさ
3244.778,吉田消えてくんねえかな:face_vomiting::face_vomiting::face_vomiting::face_vomiting:
3244.802,2050年後はスペインも
3248.619,攻める選手が居ない
3248.681,森保と伊藤は謝罪会見やるべき
3249.655,あんなんでイエローカードでるん？
3253.131,韓国の方がいい
3254.356,後半の森保監督のフォーメーション変えセンスが見れるぞ
3259.64,森保は何をメモしてんだww
3266.566,よく耐えたじゃねぇよw
3267.709,わざわざ起きて観る価値なかったわ。寝よっと
3267.794,吉田と長友と森保は最後の試合なんだ
3272.283,1点で耐えたわけでは無いよ。引き金惹かれて廻されているだけ。いつでも2点目取れる状態。
3274.494,アンチするのは全然良いと思うけど、同じ日本国民として、目の前で頑張ってる選手達を素直に応援出来ないのは、同じ日本人としてどうかと思うけど
3279.117,森保やめてビエルサきてくんねえかな
3284.726,ここぞとばかりに　沸いて草
3284.924,ここから三笘使っていいから勝てるよ
3290.797,スペイン遊んでる:grinning_face_with_big_eyes:
3290.961,母国スペイン最強
3291.114,日本はまだ本気だしてないらしい。
3291.24,なんだかんだ0-1やんけ、素直に応援してあげなよ笑
3292.168,にほんがんばれ０－１
3293.262,森保メモ内容（日本、次回、審判買収）
3295.501,森保は、妻にラブレター書いてるのさ
3300.881,応援する気ないならさっさと寝ろよ
3302.413,これで日本が後半疲れ切って3点は取られそう
3303.988,三苫
3307.077,だれ？
3307.862,まじそれ
3308.427,守ってる日本の方つかれてるとおもう、交代は後半頭から切ってほしい
3309.224,スペイン人多くて草
3315.076,柴崎についていけない他のMFたち。これが過去最強のJAPAN？
3316.344,おれ
3316.628,久保下げたら終わり
3316.671,みんな後半もまだ見るだろ？
3317.836,三笘冨安入れて勝とう
3318.615,日本は勝つ！
3323.224,名前負けしすぎ、ビビらずいってくれ
3326.795,奇跡は2度は起きんな
3328.263,頑張って:thumbs_up:
3330.984,ただの素人がプロを批判すな。
3332.084,在庫沸いて草
3333.357,審判カード出しすぎだろ流石に
3335.279,森保今日の買い物書いたしものメモしてるんや
3336.988,勝ってるから見るよ
3339.93,パス回しの仕方、クリアの仕方にディテールの差を感じる
3341.99,なんなん？
3343.148,ではおやすみ(-_-)zzz
3352.822,俺達のスペイン勝ってるから見る
3353.525,戦犯:権田
3354.931,スペインってやっぱり上手い
3355.299,吉田のイエローは流石によくわからん
3357.379,なんだかんだ後半見るんよ絶対負けるとか言ってるやつも笑
3357.757,森保は三笘を簡単に入れないよ。だって監督センスないから。
3357.784,中田英寿とか居た時代の日本代表は強かったですよね〜
3362.189,いうてコメントしてる人は期待してみてるキモ
3364.05,奇跡は二度おこらないが、まぐれは二度おきるかもしれない
3364.767,鎌田にしか期待してない
3365.745,坊主と口だけの選手になりたくないと言って普通以下の11番交代ね。
3365.856,日本代表になった事ないくせに日本代表を批判すんなや
3371.212,誰もこのライブに対してコメントしてなくて草
3371.633,スペイン勝ってるから見るよww
3374.732,普通に考えて？
3378.828,短いけど、こっちの持ち方はそんなに悪くない。替えるならサイド、前
3379.22,久保が森保からたぶん交代言われてなんでだよって感じやってた
3383.304,いや、勝てよ このヘボヘボなサッカー大会には安倍晋三の国葬儀の23倍の国費が溶けていることを、アホな日本サポーターは知らない:face_with_tears_of_joy:
3384.467,久保後半交代したら負ける
3385.994,この子ら誰？
3391.233,日本弱すぎ
3391.909,期待してみにきた結果これよ。ｗ
3392.631,森保メモ「・玉ねぎ・人参・コン〇ーム」
3392.832,長友のとこ三苫ってなってたらもっとやられてたよ多分
3393.566,だれ？
3396.949,ボール回し見に4時に起きたわけじゃない。
3397.004,この攻めは良かったけどな
3399.583,このライブなんてどーでもいーよw
3400.555,久保交代したら負け確
3400.971,もう思い出に川島だそ
3401.853,もう寝よ。日本本来の強さw
3403.469,だれ？
3405.718,久保たのむ
3407.326,スペイン応援してるから見てるんだよw
3407.552,誰か日本に1点をーー！
3410.878,アンチじゃなくてスペイン応援してるんだけどなー
3411.204,引いて守ってても勝てないよ　何がしたいんや
3413.781,吉田のイエローは可哀想
3415.379,川島でろ
3416.57,この子ら誰なん？
3421.04,韓国サッカーのレベルの高さが今回でよく分かる。
3421.04,FW変えるかな？　負けるにしても見せ場ほしい
3427.881,諦めてる人はよ寝ろ
3432.894,スペインの試合見に来てるんだよ？w
3436.379,あたりまえ、スペイン好きだからみてるだけ
3437.846,なんか今日も寒いなぁ
3438.009,戦犯: 主審
3441.091,日本5人でスペイン1人分の実力
3441.906,弱い青チームの応援団か？
3442.261,応援スタジオって書いてるのに遊んでて草
3449.43,期待していないなら最初から見るなよ気持ち悪い
3450.838,審判も吉田退場させようとしてて草
3451.155,絶対に負ける戦いがそこにはある！
3452.101,鎌田に代えて三苫か浅野だな
3453.253,というか日本が下手になったくないか？昔の方がよっぽど戦えてたような。
3453.832,5人で済むのか……？
3454.532,スタジオ遊んでるやんwww
3455.813,たのしそうデスネー
3456.64,こわいなぁこわいなぁ
3457.064,監督「やっぱスペイン強くて草生えて森」
3459.966,ドイツどうなってる？
3461.407,吉田のイエロー取り消してほしい
3461.407,なら0-1ならんやろ笑
3462.691,三苫が出るなら勝ちです
3464.866,こう言う判官びいきがレベルの停滞を招くんですよ。
3465.893,日本人だから日本応援すると考えるのがおかしい
3467.314,遊んでんなよ
3470.012,ねーーー！ドイツとスペインってどっち強いの？教えて♡
3473.668,思ったよりドイツ点とってないな
3477.289,柴崎を出せ
3481.127,本田「僕出ましょうか？」
3483.362,浅野は悪手、出すなら三苫
3483.832,南野だしてくれ
3483.95,鎌田、前田交代やろ
3484.115,誰この人達！？
3485.278,鎌田は今大会は輝けない。三苫出せ
3489.087,審判やばい
3489.806,ドイツ
3491.237,鎌田全く機能してねぇな。
3491.57,ちょっとスタジオ静かにしてもらえますか？うるさいですよ
3493.481,1-0やね ドイツ勝ってる
3498.494,どいつ、１対０でかってる
3501.291,自国応援しない異端な俺カッケーって思ってそうな人いるべ！
3501.297,スペインとドイツはほぼ互角だと思いますよ
3501.468,ポイチロッカールームにて「今までありがとう:loudly_crying_face:」
3503.355,だれ、このひとたち
3503.722,日本のFWは後半３分足が折れるまでボール追っかけてからかわれ 無駄に変わるな 灰になれ
3503.832,ボール蹴るだけで盛り上がるこの地球はまだまだ平和だな！みんなおはよう！
3506.379,ななまるさんだーー！♡
3506.383,鎌田は無理や
3506.431,主審買収されてるな
3506.6,日本が勝とうが負けようがここにいる奴らの日常は変わらない。
3507.289,学生寮住んでるんだけど、サッカー見て騒いでるやつに起こされた。ゴミみたいなやつしかサッカー見てない
3508.544,こいつらだれ
3509.909,なにが日本のエースだよ、
3514.148,一瞬の判断力に差がありすぎる
3515.253,パッとせん日本戦観てもおもんないから敗戦でいいわ
3518.045,三苫を出しても創造力についていけないその他の人たち。
3518.455,長友、吉田は交代するべきだろうな
3519.555,三苫と三笘どっち？
3527.134,ガキうるせえ
3529.484,昔の日本サッカーと変わらないな。パスもらって何処に蹴ろーかなーと一瞬二瞬くらい間をあけてうつ。
3530.578,日本のはずぃ
3532.343,学生寮なんか入んな
3533.021,南野冨安三笘控えとかセンスなさすぎる
3533.259,いやだりーわ
3533.966,俺達のスペインと次行くんはドイツやな
3533.966,スペインは頭で考える前に身体が動いてる
3534.165,日本応援しろとか何強制してんの？笑　お前ら中国の共産党か？w
3536.294,鎌田　大会前→日本のエース　今→日本のお荷物
3539.757,DFみんなダメだよー
3541.456,主審怪しいな
3543.346,上田出て欲し
3545.604,スペイン応援してるのに日本語でしか見れないとかちょっと面白いｗｗ
3549.483,絶対絶対日本逆転する！！！
3550.72,下馬評通りでなによりじゃない
3551.204,イエロー貰いすぎ
3552.948,なにがしたんいたよ
3555.454,冷静に事実を言わないと。100％勝ちは無い
3557.528,フランスWC時代より僅かに進歩してるよw
3559.709,日本パス間隔狭くね？サッカー経験者誰か教えて
3565.497,ドイツの時もみんな負ける言うて勝ったからね〜絶対はないよ笑
3566.218,ドイツ1対0コスタリカ
3567.028,日本人だけどスペイン応援したっていいじゃないか
3567.555,あぁー！鎌田って今日本のお荷物なんだね！
3567.706,鎌田はデクの棒。アジリティも低いし、いらんw
3572.144,日本の小林サッカーが見え隠れｗ
3572.144,銀座では誰も日本応援してない:anxious_face_with_sweat::unamused_face::sad_but_relieved_face:
3572.9,主審おかしい
3577.578,わざわざここに入ってくるアンチ可愛いな
3583.483,これでワールドカップみれる？
3584.567,サッカーあんま知らないけど、まずい展開なのは俺でもわかる
3585.97,スペインの宝石、イニエスタやんけ
3586.795,鎌田代表向きじゃない
3586.795,下手くそとしか言えない位弱い日本だった
3587.799,この配信見てるとイラつく
3587.999,クロちゃんだしたら？
3589.716,そこまで狭すぎはしないと思います
3594.538,イエロー3枚が絶望的
3602.931,こいつら誰だよ
3603.152,前園だそ
3604.632,イニちゃん代表戻れば良いのに〜
3605.197,強制はしてないですよ。ただわざわざ言われると不快ではある
3606.411,森保、相馬入れそうw
3607.168,イニエスタ本田と解説とかやりにくいだろ、周り日本人しかいない
3608.031,ディフェンスのイエローまじきつい
3610.193,俺はスペインのファンだしなー
3610.639,失点1は評価できる？
3611.466,リタイアしろよ
3612.568,つらいなー
3617.923,最強チーム（クロちゃん、おでんつんつんニキ、10人ニキ、ヒカル）
3617.95,スペインの試合見てるのにアンチ？ww
3619.179,休憩に流れてるcmの方が見てて面白い
3620.231,せめてFIFAやれ
3620.352,こいつら誰なん？
3620.69,みんな日本応援しよよ〜
3621.491,相馬はだめー
3623.636,画面内、思い出づくりしすぎ
3628.985,イニちゃん代表戻れば良いのに〜
3629.123,とりあえずイングランド優勝してほしい
3630.105,よく失点1で押えたとは思うがね
3631.277,サッカーおもんないで
3632.622,暇なおっさんと中学生ばかりなのだろうか、、
3636.502,17って頑張ってるの？教えて。
3637.022,控え目に言ってペドリは将来的にバロンドールとるべき選手
3637.426,海外勢応援してるんなら英語の中継見ようよ！！
3638.657,負けたら負け 何点差でも関係ない
3639.568,ツートップにして後半はフルハイプレスで行け！！
3642.289,ちょっとおもろいやんけ
3643.736,最近の若者ってほんと面白くないよな
3644.669,この人たちって、なにわ男子？？
3647.948,だからスペインが好きなんだって
3647.985,スペインは1点守ってるだけだから、評価はない
3651.137,森保の後半のセンスないスタメン変えが見れるぞ！
3651.263,アンチ？この状況を見てニッポンニッポン言わされるサポーターが可哀そう。他国ではこんな試合したら選手フルボッコよ。
3653.636,イングランドの優勝は無理やろ
3655.704,鎌田インサイドハーフ入ると活躍できる
3660.993,こいつらだれやねん
3664.587,ちょっとおもろいの草
3673.921,アンチすんなとか言ってるガキww日本の負けを認めたくないのかな？www
3676.642,イングランドユニフォームかっこええやん、、、
3678.025,ななまるさん、ズバリどうすれば勝てますか？？
3682.979,誰やねんってwネーム見ろや
3684.206,というか、応援する時間あった？ずっとスペインボールだったんだけどｗ
3687.867,本田嬉しそうやなw
3689.504,前田下手すぎる
3692.63,日本、勝っていいんですかーー？
3694.124,審判買うしかない
3695.587,顔隠せば前田
3697.104,鎌田はモサモサしてるからボランチやインサイドハーフ向きだよな
3699.581,話変えんな
3700.937,いいんでずーーー
3701.241,勝つのは無理やで
3704.746,チャットしてこの人たち誰なのか知らなかった。ゴメン。誰？
3704.751,全館空調CM好きすぎる
3708.383,背水の陣 夢はワールドカップ 死ぬ気で戦う ってこんなものかよ
3714.241,前田大然が25才は今大会1番の驚き
3715.099,自陣にでもいいからシュートしてほしい
3715.491,いや、勝って
3717.316,いやー良い試合だったね
3718.594,アンチとか言ってる人はニワカ説
3719.189,鎌田は無能
3720.508,スペインけっこうガチで来てくれたのに日本はコスタリカに手を抜く
3720.939,0-2でスペインの勝利！おめでとう！
3721.512,広告きも
3723.158,車のcmの方が全然面白い
3723.681,戦術　三苫が残っている
3731.037,高:double_exclamation_mark:
3732.771,前田ダイゼンって、使い道…ww
3733.685,エムバペを借りてきて！
3735.506,海外勢応援てかっこいいこと言ってるのに日本語でしか見れない人気の毒やね。。
3735.682,この審判は買えないよ
3736.263,勝つのはむり
3740.984,スペインの掌で踊らされてるような展開だな
3744.846,あと45分たったら素直に認めるしかないが、この時点でそこまで言う？
3748.12,刺青きたねえ
3750.721,ハイハイソウデスネー
3752.122,同点なら１点くれるはず
3753.247,応援コールしてもいつの間にかスペインボールｗ
3753.735,田中あおの意味
3755.812,リトル・ホンダだすしかないだろ
3756.234,ペドリは異次元
3759.571,前半抑えて後半勝負！そして後半バテテ失点。30年以上このパターン。
3768.235,日本応援してたら、そりゃ苛つくさー 日本が負けて嬉しいやついない
3768.524,最小失点に抑えた笑
3769.065,三苫かっこよ
3770.277,そそ！リトル本田！
3771.199,積極的に攻めて行こう
3771.424,鎌田が一点目さぼったよなー
3773.275,2戦目スペインの方が尻に火がついて良かったよね
3774.151,後半選手かえるしかない
3776.063,前半は互角だったなーといったら誰もが頭おかしい？と思うのが普通だったな
3776.864,スペインもブラジルは嫌だし
3777.709,世界で１番足元上手いMFペドリ
3780.819,アリガトウゴザイマシター
3782.21,レフェリーのレベル低すぎ
3787.762,三苫だしてくれ
3789.484,コスタリカに負けた時点で終わってんねん
3790.641,俺達のスペイン最強！
3791.047,予想どおりの展開で草
3791.969,前田ダイゼン、ディフェンスさぼるなよーー
3797.091,ブルーロックのcmが面白すぎる
3797.178,優勝国どこやと思う？
3799.292,スペインのキーパーは暇だろうな
3799.426,日本応援する人は応援して、スペイン応援する人は応援しよう！頑張ってる人貶すような発言するな、ダサいぞ笑
3799.68,こっちみんな笑
3804.651,疲れたところに三笘って言うけど、向こうも選手かえるよな
3810.548,伊東は守備に追われて可哀想
3811.403,コスタリカに負けた時点で終わってるのはまじやわ
3812.244,長友はいい動きだった。長友だけ。後半疲れて動けないだろうな。
3813.751,最小点は０やバカ
3817.975,スペインのどこw嘘っぱち
3819.072,赤司のエンペラーアイ欲しい
3820.188,日本は引き分けて、ドイツが１点で勝つか、引き分けるのに賭けるしかない
3820.993,鎌田守備しないよなぁ
3823.719,最後に三苫のドリブルが見たい
3824.644,tiktok民（日本は2ー1で
3825.086,優勝難しいなぁ。フランス？？
3827.381,相手は全然疲れてないよ
3831.496,最小失点て何
3834.16,前田出すなら二列目もプレスでいけよ
3835.816,闘莉王のボヤキがまた見れるか・・
3838.977,鎌田さん、ぶす！かも
3840.761,鎌田は守備しないねー
3842.604,スペインでもベスト4いけないだろーなー。いってもらいたいが
3844.164,ブラジルから帰化したスペインのFW誰だっけ？前回大会はいたよね？
3847.883,ルカクベンチ破壊してて草
3848.547,WBCでまた会いましょう
3849.733,スペイン、余裕感出し過ぎだわ。積極的にサイド使っていこうぜ
3853.033,大谷翔平だそ
3853.452,闘莉王、だそー
3853.909,鎌田を使い続ける森保無能
3854.994,後半の逆手に期待！！せっかくおきてるし
3857.487,フランスかブラジル
3858.419,ケイスケホンダって引退してるの？
3859.24,もう無理だ
3861.605,そうそう。日本に勝手欲しいから朝から起きてるのに勝ちにいかない布陣と動けない選手に閉口してるんですよ。ドイツ、コスタリカ戦見てる？試合開始早々のドイツはさすがとしか言えない
3861.623,クリアミス吉田に期待してます:red_exclamation_mark:クリアミス吉田に期待してます:red_exclamation_mark:クリアミス吉田に期待してます:red_exclamation_mark:クリアミス吉田に期待してます:red_exclamation_mark:クリアミス吉田に期待してます:red_exclamation_mark:クリアミス吉田に期待してます:red_exclamation_mark:クリアミス吉田に期待してます:red_exclamation_mark:クリアミス吉田に期待してます:red_exclamation_mark:
3861.965,ちょっとハゲてるけど
3863.752,お前ら仕事せろ遊な
3863.753,南野と三苫入れてほしい
3863.753,本命イングランド　対抗スペイン　穴フランス　大穴日本
3866.261,スペイン体力温存してて草
3867.076,ペドリはヤバい
3867.161,前田もっと前から追い回してくれ。
3868.541,ここはどういう配信？
3868.765,ベスト８狙うとかこれでよくほざけたもんだな
3869.079,後半前に出て、とりあえず1-1に
3869.677,レモンサワーのcmの方がおもろいねん
3870.012,井上尚弥使おう
3870.954,とりあえずルカクはRIZIN目指した方がいい
3873.743,三笘出せ早く
3876.378,そもそもコスタリカにすら負けるんやからグループ突破してもすぐ負けるわ
3876.38,南野の方がイケメン
3880.426,南野走らせまくろ
3880.795,鎌田は自由に動けないと活躍しない
3885.342,クロちゃん使おう
3885.588,俺達のスペイン最強
3894.013,セネガル優勝
3894.596,逆転しかない。
3895.712,三笘しか勝たん
3899.137,ポジティブにいこうぜ
3899.196,クロちゃんは可愛いよ。
3900.038,アルバロ・モラタ流石にうますぎて草
3901.066,とりあえず小野伸二だそーや
3901.417,因果晒し
3904.406,くろちゃん誰WWWWWWWW
3906.619,みんなさすがに2点目で諦めて寝るだろ？
3907.59,それか中田
3909.271,エムボマ欲しい
3909.579,カラ元気は無理
3912.399,南野、三苫出てこい絶対やれるぞ
3913.151,ペドリしか勝たん
3915.961,さっきも吉田は蹴鞠キックしてスペイン🇪🇸に取られてたな
3916.217,鎌田と香川似てる
3917.082,"ん""ん""ん""も""り""や""す""う""ぅぅぅぅ"
3918.145,モラタは頭だけやぞ
3918.454,中島がおったらなー
3918.925,ラインが低い。もっと前からプレスかけて奪いにいってくれ。
3925.509,kusa
3928.214,三笘出せ
3931.096,よし！これでスペイン決勝進出だ🇪🇸
3931.551,佐久間みなみさん、かわいい♡
3934.117,ラモス曰く、釜本が必要だと・・
3935.375,シュート打たなきゃ
3937.635,無責任な発言多いな
3937.636,だれか1人が走れば勝てるわけじゃなくて、守備はみんなが同じ意識でやる必要のあるもの
3938.09,ぶっちゃけまだ日本勝てると思う？
3940.921,イエロー出過ぎやり
3943.482,ベルギー敗退は意外すぎた
3944.648,おーおー、好き勝手言いなさる
3945.237,スパサブのアセンシオ出てくるて
3950.228,伊東は替えて。無理無理
3956.641,むり
3957.635,鎌田は頭くるくるぱーだからな。
3959.638,いや、勝つのは無理です
3961.434,伊東は１トラップ目が
3964.643,スペイン応援するんなら海外の英語実況にいけば楽しいと思う
3966.826,アセンシオは反則
3969.624,4年後期待しよう！もう無理だ勝てないよ
3971.039,丸山かりなが必要かな？？
3971.497,モラタナイスシュート
3972.364,というか何が不快かって、格闘技は流石に言い過ぎ
3972.46,イエロー出すぎかなって思ったこれが普通？
3983.108,ゴーーール！！
3983.348,モラタ得点王狙えるよーー
3983.933,三苫豆乳か
3984.649,１点先取した方が圧倒的有利だと改めて思い知らされるスペインサッカー
3984.878,やはりスペイン　ドイツに行かないとW杯では無い
3986.506,サッカーに期待すんな
3987.064,モラタナイシュー
3987.825,俺出ようか？
3988.739,点数どーなってる？
3990.088,無理ならみんなw
3991.543,三苫と浅野が出れば崩せそう、久保は意外と頑張ってるけど、他のメンバーが付いてこれてない。もっと動け！
3991.841,少林サッカーじゃねぇんだからw
3993.608,加茂、が監督してー
3994.182,4年後期待！
4003.247,アベマだから在庫多いのか
4003.534,ハイライトなのにしょぼいw
4004.871,鎌田って
4006.657,ペドリは異次元
4007.106,見るのは自由
4008.303,プレスぅっっっ
4017.565,少林サッカーで行こうーー
4018.608,中村俊輔カッパで草w
4020.519,青チームはイエロー多い雑魚チームやな
4022.345,4年後のW杯ってどこ？
4025.487,日本のサッカーが中学校の試合みたい
4026.075,鎌田いらねぇ
4027.558,4年後期待！と4年前も言ってたな
4028.707,鈴木唯はどこへ
4029.093,後半よりパス回しされ追いかけてファール増え退場待ったなし。リアルに3-0くらいで終わりだな
4031.431,個人的にはトルシエあたり
4031.583,今起きた
4033.274,というか、貶すしか出来ないのすげぇ可哀想
4033.715,海外配信のURLはってぇぇぇ
4033.802,鎌田ってRADWIMPSに似てない？
4034.48,怒ってるだろ　とーりお
4034.544,ゾーンプレスで逆転！ー
4035.373,そーいうこと！
4036.651,前田がもっと前から追い回してくれりゃ他のやつも前からディフェンス出来る。
4045.764,森保よりお前らの方が、スタメン配置のセンスあるのは確かだな
4046.67,ゴールがみえた
4047.309,ミドル打ちまくるしか
4047.363,後半少林戦法で
4048.568,みるって事は応援してるって事やろそうじゃ無いなら寝てろ
4048.801,成長を見せない日本
4055.733,これだけ無知なまま海外勢＝すごい っておもってる人多いんだな
4056.272,柴崎ダメなん？
4056.961,前田ボールと見間違うわ
4061.58,前田は十分頑張ってるほうだろ
4062.775,ゴールがみえたぞ
4064.369,三笘来た
4064.613,三苫ーー！堂安ーー！！
4067.098,なぜ久保下げた
4068.813,いま起きた。負けてるやんけ
4069.948,結局コスタリカ戦がすべてであった
4069.95,とりあえず点入れてくれれ
4072.147,堂安きたわ
4072.504,久保は変えんな
4072.764,ここまでスペインの完璧な強さは、まるでリカルドマルチネス
4073.234,これでも皆応援してんだよ
4074.958,堂安はいらんやろ
4075.15,やっぱり、むりか・・・
4078.148,この時間に起きてる自分…なさけな
4079.537,今頃・・・
4079.801,柴崎出してくれ
4080.244,三苫きた
4084.333,俺らのハイライトｗおもろいやん
4085.675,スペインを応援してるんだが
4087.105,久保おちた？
4087.106,戦術　三苫
4088.828,アンドゥか
4089.616,視聴=応援とかいう固定概念お持ちのニートはどこですか
4090.322,久保さげるとか草www
4090.976,堂安のドヤ顔発言www
4091.505,前田は割と効いてた。
4093.81,あー、この交代の仕方は終わりましたね
4093.812,中村俊輔でろや
4095.711,ななまるさーーん！
4100.133,柴崎出せよ　バカ長崎日大
4100.726,パス通らない、パス取られるから、ミドル案は良いと思うがな
4100.752,もう外は明るいw
4101.954,勝負かけてきたね。こっから期待
4102.335,ハーフタイム使って一発抜いた
4103.457,久保ー
4103.846,堂安のドヤ顔発言草www
4105.7,うい
4107.719,クボおった？
4109.011,堂安きたとてやん。、
4109.49,久保は効いてたけど何故
4111.582,戦術三苫からの伊藤のバックパス
4114.554,見る＝応援は違うだろ笑笑
4114.573,三笘と堂安を後半に入れるセンスナイス！
4116.034,1番の見所はスペインキーパーがゴール前で焦ったとこ
4122.036,もうJ1の数を減らして競争率を高くしよ。選手も必死になるやろうし、高い技術を仕入れるためお金大量に払うやろ。
4122.953,いけスペイン！！
4123.513,久保いるやろ
4126.891,三苫への警戒　はんぱないな
4127.073,売れない大学生
4134.89,久保よかったのにな
4135.367,久保下げるとか頭おかしい
4141.662,スペイン強すぎてお腹すいてきた。ラーメンでも食べようかな
4144.628,浅野出ないかね
4146.088,久保変えるのまじか
4147.999,三苫 ◯　堂安 ✕
4150.951,これで日本が一点入れたら、最高に面白くなる
4151.605,久保は無理よ　前半もドイツ戦も何もできないしない
4162.407,ダメだなー
4165.011,久保は合ってるよ。全然いい
4165.726,鎌田かえろや
4169.907,後半に主力選手を入れるほど、日本は余裕なんだな
4171.305,森保泣きそうになってるやん笑笑
4173.435,久保下げるなら南野いれとけ
4175.513,ドイツ戦は状況がちと違う
4179.205,久保はスペイン語話せるだけやもんな
4180.579,久保変えるの草。もう終わりやん
4188.206,Go　焼きそばにしとき
4188.432,イエロー下げろよ
4189.751,機能してない
4190.055,久保:play_button:︎堂安:cross_mark:
4192.259,日本代表選手は優勝したくても森保がやる気ないんだからダメだろ
4195.382,久保アンだけど今日は久保悪くなかったのに
4204.303,堂安よりは南野
4204.303,モリタ、モラタ一文字違いでえらい違うなぁ
4205.341,久保変えるぐらいなら鎌田変えるべき
4207.94,みんな2点目取られたら寝ような？
4209.359,前田に変えて南野いれろよ
4210.634,エンリケ天才やわ。三苫対策にカルバハル出してとる。
4211.561,鎌田:play_button:︎堂安○
4214.802,9番の下手さ
4217.1,久保はスペイン語話せるから前半スタメンだったの？
4226.853,三笘チャンスが 45分
4235.099,冨安、欲しいーーー！
4235.622,そうだよ
4239.751,せやな日本1点⇒見る。スペイン2点目⇒寝る
4242.883,後半に主力選手を入れるほど、日本は余裕なんだな
4244.149,柴崎出せ
4249.698,日本の切り札ww
4250.517,マイボー!!!!!!!!
4255.003,三苫に試行回数稼がせてあげてくれ
4264.705,冨安も持ち腐れやな
4268.471,スペイン語話せるけど洋梨だから交代したよクボ
4271.451,25番　プレスマン？最速？いらないそんなの
4275.957,ええー！！w
4276.586,えぐえぐ
4278.009,きた
4278.525,どおおおおおおおおおおおおおおおおおおおおおおおおおおおおおおおおおおお
4278.545,まじかー
4278.732,え？
4279.771,やったーーー
4279.837,きたあ
4280.211,うー！！
4280.345,どうあーん
4280.743,おい！
4281.262,疲れたアスピリクエタの方がよかった
4281.28,ふぁwww
4282.88,えぐすぎ
4283.142,誰が出てもキツい
4283.36,やったよ
4284.043,ぁぁぁぁぁぁぁぁぁぁぁぁぁぁぁぁぁぁぁぁぁぁぁぁぁぁぁぁぁぁ
4284.356,やばww
4284.401,ほら
4284.428,きたー
4284.869,おお！
4288.435,きたー
4288.634,えぐすぎ
4288.635,マジか！
4289.703,おお！
4289.743,さすが
4289.765,しゃあ！
4291.748,うおおおおおお
4292.017,えぐい！！！
4292.59,これでまーた勘違いしそう
4292.858,凄い　
4293.17,ぁぁぁぁぁぁぁぁぁぁぁぁぁぁぁぁぁぁぁぁぁぁぁぁぁぁぁぁぁぁ
4293.372,ばもす！
4293.872,アンドゥ！！
4296.259,いまのシュートすごいな
4297.013,入ったん!!やったーーー
4297.155,まじか？堂安？？うそでしょ？
4297.331,うわぁあああああああああああああああああああああああ
4298.158,ぁぁぁぁぁぁぁぁぁぁぁぁぁぁぁぁぁぁぁぁぁぁぁぁぁぁぁぁぁぁぁぁぁぁぁぁぁぁぁぁぁぁぁぁぁぁぁぁぁぁぁぁぁぁぁぁぁぁぁぁぁぁぁぁぁぁぁぁぁぁぁぁぁぁぁぁぁぁぁぁぁぁぁぁぁぁぁぁぁぁぁぁぁぁぁぁぁぁぁぁぁぁぁぁぁぁぁぁぁぁぁぁぁぁぁぁぁぁぁぁぁぁぁぁぁぁぁぁぁぁぁぁぁぁぁぁぁぁぁぁぁぁぁぁぁぁぁぁぁぁぁぁぁぁぁぁぁぁぁぁぁぁぁぁぁぁぁぁぁぁぁぁぁぁぁぁぁぁぁぁぁぁぁぁ
4298.334,キタコレー！
4298.674,でたーww
4299.989,アンドゥ
4299.989,あるぞまじで
4301.835,すげーシュート
4302.425,最初から堂安だせよ
4302.893,前からのプレスだよな
4303.647,なーにやってんだスペイン
4304.473,アンドゥ
4304.802,褒めるしかないw
4305.541,おーーーーー
4306.02,すごい！！！！！！！
4306.863,きたああああ
4309.911,浅野だせ
4310.06,堂安ーーー
4311.416,やば
4312.057,ナイス
4312.995,これはすごい
4313.257,伊東ナイス
4313.513,今回も！堂安やったぞ！前回も！堂安が決めたけど！
4313.543,速すぎるww
4313.895,きたし
4314.623,でもスペインの攻撃を見ていてよ。2点目行くよ
4314.868,堂安って口だけじゃないの？？
4315.543,キター
4316.846,ぁぁぁぁぁぁぁぁぁぁぁぁぁぁぁぁぁぁぁぁぁぁぁぁぁぁぁぁぁぁぁぁぁぁぁぁぁぁぁぁぁぁぁぁぁぁぁぁぁぁぁぁぁぁぁぁぁぁぁぁぁぁぁぁぁぁぁぁぁぁぁぁぁぁぁぁぁぁぁぁぁぁぁぁぁぁぁぁぁぁぁぁぁぁぁぁぁぁぁぁぁぁぁぁぁぁぁぁぁぁぁぁぁぁぁぁぁぁぁぁぁぁぁぁぁぁぁぁぁぁぁぁぁぁぁぁぁぁぁぁぁぁぁぁぁぁぁぁぁぁぁぁぁぁぁぁぁぁぁぁぁ
4318.304,まだこれで喜んじゃいけない
4318.89,なにいいい
4319.915,同点
4320.444,手のひらを返すお時間ですよ？
4327.812,いける！
4328.819,泣けるーーー
4329.52,怖い！泣けるーーー
4330.324,おっそ
4333.071,久保さげて正解
4333.072,スペインならあっという間に２点目あるから
4334.391,やっぱ前からディフェンスした結果よ！
4334.724,寝させろぉおぁぁぁ
4337.672,１トラップ目がすげーわ
4337.675,手のひら返すチャンスや！
4341.214,守れ！守れ
4341.221,キーパーなにしてんの？w
4341.835,やっぱミドルやな
4344.381,えぐ
4346.557,堂安にはガチで期待しててよかった
4349.277,森保（死ぬかと思った。。）
4351.375,おい、お前ら手のひら返せ笑笑笑笑
4352.534,うっそだろお前w
4354.953,森保調子乗んなw
4356.223,スペインから点数入れれます？w
4356.37,アンドゥ！
4357.594,キーパークリアが甘いよー
4359.717,うますぎ
4359.79,定番の手のひら返しで笑う
4361.322,日本っていい意味でも、悪い意味でも前半ってムダだよね？ww
4364.797,言ったそばから引き止めんなよぉぉぉぉぉぉぉぉぉぉぉぉぉぁぁぁぁぁぁぁぁぁぁぁぁぁぁぁぁぁぁぁぁぁぁぁぁぁぁぁぁぁぁぁぁぁぁぁぁぁぁぁぁぁぁぁぁぁぁぁぁぁぁぁぁぁぁぁぁぁぁぁぁぁぁぁぁぁぁぁぁぁぁぁぁぁぁぁぁぁぁぁぁぁぁぁぁぁぁぁぁぁぁぁぁ
4369.054,ディフェンス変えろ
4370.095,まじかよ
4371.002,やっぱり日本はヤれると思ってたんだよ
4372.658,お前が調子乗るなよ・・
4372.736,スペイン本気出してくるぞ
4373.27,相手GKもすげ〜 ボールに触ってる
4376.912,スペイン本気だせ
4377.408,次は浅野やれ
4377.638,返さないっすね これでますます本人思い上がるんだろうな
4378.426,トラップできるかできないか。相手に任せられないから常に堂安はワントラップで攻撃態勢に入る。
4379.169,あとはリトル本田やー
4380.332,堂安はミドルが打てるのだけが取り柄
4381.505,相手のキーパー悪くないやろ笑
4382.094,やろ
4389.582,コスタリカ頑張って
4389.911,無理だよ日本は負ける今だけ。。
4390.668,スペインが本気出してきそう、、、
4390.801,浅野だせ
4394.801,うそつけよーー！ww
4396.135,後半修正かけたんやな。前からディフェンスするのは続けないとだめだ。
4398.502,伊藤だせ
4398.586,スペインが2点目入れたら寝るるんやぁぁぁぁぁぁぁぁぁぁぁぁぁぁぁぁぁぁぁぁぁぁぁぁぁぁぁぁぁぁぁぁぁぁぁぁぁぁぁぁぁぁぁぁぁぁ
4399.625,森保（ふう、一点取ったし負けても平気やな､､､､）
4399.987,前田のプレスが効いた
4405.903,こいつらはうるせーだけやな
4406.406,同点で耐えてくれ
4408.473,浅野だせ
4409.083,同点と言うだけ。
4409.748,日本の子供見とる訳ないやろ笑笑　
4411.412,なんでこんなネガティブなん、応援せんの？
4412.462,まだ全然喜んじゃダメ。スペインの本気こわい
4418.211,引き分けだとどうなの？
4421.713,点取れたことがいい
4421.713,きまった
4422.601,は？
4422.68,前田さんありがとう
4423.128,きた！！
4423.128,うそ！
4424.18,えー！！！！
4424.3,きたあ
4426.965,やばー
4426.966,は
4428.561,は
4429.441,え？え？
4429.441,寝かせんよ
4429.556,まだ同点や
4429.895,ほーら
4430.808,ハハハハハ
4431.27,は
4431.379,あーそば食いてえ
4431.88,にてんめ
4431.986,オフサイドやぞ
4432.133,え！点いれたの？みのがしたｗｗｗ
4433.054,は
4433.793,んんn
4434.918,ぇぇぇぇぇぇぇぇぇぇぇぇぇぇぇぇぇぇぇぇぇぇぇぇ！あぁぁ！はぁぁぁぁぁぁぁぁぁぁぁぁぁぁぁぁできるねん……で?( ˙-˙ )!
4436.524,なし？
4437.063,うるさい:hear_no_evil_monkey:
4437.192,えまじで？る？？
4438.805,無茶苦茶やん笑笑笑笑
4440.036,イエロー怖すぎ DFかえよ
4441.142,ん？
4444.065,日本( o≧д≦)oｶﾞﾝﾊﾞﾚｰ!!
4449.213,ぁぁぁぁぁぁぁぁぁぁぁぁぁぁぁぁぁぁぁぁぁぁぁぁぁぁぁぁぁぁぁぁぁぁぁぁぁぁぁぁぁぁぁぁぁぁぁぁぁぁぁぁぁぁぁぁぁぁぁぁぁぁぁぁぁぁぁぁぁぁぁぁぁぁぁぁぁぁぁぁぁぁぁぁぁぁぁぁぁぁぁぁぁぁぁぁぁぁぁぁぁぁぁぁぁぁぁぁぁぁぁぁぁぁぁぁぁぁぁぁぁぁぁぁぁぁぁぁぁぁぁぁぁぁぁぁぁぁぁぁぁぁぁぁぁぁぁぁぁぁぁぁぁぁぁぁぁぁぁぁぁぁぁぁぁぁぁぁぁぁぁぁぁぁぁぁぁぁぁぁぁぁぁぁぁぁぁぁぁぁぁぁぁぁぁぁぁ
4451.099,おーーーーーーんー
4451.099,ん？
4451.373,はいった？
4451.544,オフサイドだな
4452.906,おー
4453.305,えー！！！！
4453.795,すごー
4462.338,すご！
4463.021,はまじ
4464.135,は？
4466.442,堂安初めから出せばいい定期
4468.51,なぜ　ネガティブ？　They are not Japanese ：P
4468.843,でとるな
4469.036,ノーゴール
4470.109,ないない
4472.235,これは厳しいのか
4472.459,でてるw
4473.664,逆転！！
4475.171,でてーる
4475.339,超えてるな
4475.606,オフサイドではない
4478.368,ラインわった？？
4478.633,線越えてるね
4479.774,超えてる
4480.623,でとるかなー
4481.172,これは夢や
4481.186,だめだな
4482.643,でてるなあ
4484.149,でてない！！！たのむ！
4486.126,でてるやろ
4486.85,え？超えてるよね？
4490.151,テクノロジーの時間や
4491.432,これ逆転するわ
4492.088,まじか、さっきまでマジで本気じゃなかった説？
4492.858,でるぅ～
4493.614,出てるなー
4495.018,前田とボール見間違うんやが
4495.893,いや！怖いよ！
4495.988,うわぁ、まじ
4496.809,あぁー
4497.986,でてる
4499.72,普通に超えたやろ
4501.255,あちゃー
4503.118,これはでてるw
4504.013,こえてるよ
4504.83,いや応援しろよ！なんでだよ
4505.806,いい感じ
4505.814,後半すごいな
4512.628,スペイン本気
4512.629,前田とボールどっちなん？
4514.494,だせ
4514.837,微妙やな
4514.891,髪の右足
4515.062,でたわー
4515.116,でるぅ～よぉ～
4516.837,超えたわww
4516.868,微妙かも、、
4521.724,頼む:folded_hands:
4528.888,ゴメス頼む
4530.848,出てるわw
4532.146,ええええ、まさかの逆転？あんなクソぷだったのに？
4533.219,でてたで
4533.998,超えてろ！スペイン勝て
4534.289,たのむ！！
4534.43,前田だよな
4534.503,微妙〜
4535.555,膝シュート・・・
4537.959,ピッコロ『ベジータ（日本）は負ける。』
4540.041,VAR見逃してくれ
4540.405,上から見たら微妙すぎる
4540.469,ゴールだった
4541.51,ぶーぶー
4542.012,超えたな
4542.782,出てるけど、ゴールなんねーかな笑
4547.584,日本て今年こそって思わせるの上手いよな
4548.255,入ってたよかったな
4552.467,前田なんボールなん？
4554.015,微妙というかさすがに出てるねw
4555.858,ハゲーー！
4557.804,これはアウトやわ
4559.385,微妙やね
4560.927,きたか？
4561.247,AIがバグを起こしてる？
4561.321,超えてるから期待しない
4561.381,出てるよw
4569.418,完全に出てる
4570.232,VAR確認中
4573.848,前田おせーよ
4573.859,ぅ
4574.052,よっしゃあ
4574.34,きたあ
4574.435,は？
4575.204,点とれないゆうてたやつ、乙
4575.467,やったー
4576.399,やったーー！
4576.63,おおおおおおおおおお
4576.834,きたー！！！
4577.023,前田なら出てるが
4577.157,えー(・_・;)
4577.677,まじか
4578.718,ウケるww
4578.864,うおおおすげ
4578.897,ぉぉぉぉぉぉぉぉ！！
4579.077,えーまじで
4579.296,ゴールかい！！！
4579.441,入った！
4580.208,よしゃつ！！！！
4580.231,きたー
4580.715,マジか！！
4580.773,ええええええええ
4581.165,！
4581.551,:red_exclamation_mark::red_exclamation_mark::red_exclamation_mark::red_exclamation_mark::red_exclamation_mark::red_exclamation_mark::red_exclamation_mark:
4582.091,よっしゃあああああああああああああああああ
4582.195,ゴール！
4582.243,怖いよーー
4582.383,入った
4583.433,マージか(笑)
4583.433,ばーーーーか笑笑、出てないとか言ったやつ笑笑
4583.975,よっしゃ！
4585.31,ぁぁぁぁぁぁぁぁぁぁぁぁぁぁぁぁぁぁぁぁぁぁぁぁぁぁぁぁぁぁぁぁぁぁぁぁぁぁぁぁぁぁぁぁぁぁぁぁぁぁぁぁぁぁぁぁぁぁぁぁぁぁぁぁぁぁぁぁぁぁぁぁぁぁぁぁぁぁぁぁぁぁぁぁぁぁぁぁぁぁぁぁぁぁぁぁぁぁぁぁぁぁぁぁぁぁぁぁぁぁぁぁぁぁぁぁぁぁぁぁぁぁぁぁぁぁぁぁぁぁぁぁぁぁぁぁぁぁ
4585.435,おー
4587.033,でてたろ
4587.661,SUGEEEEEEEEEEEEEEEEEEEEEEEEEE
4588.616,はいったわ！
4588.678,ぁぁぁぁぁぁぁぁぁぁぁぁぁぁぁぁぁぁぁぁぁぁぁぁぁぁぁぁぁぁぁぁぁぁぁぁぁぁぁぁぁぁぁぁぁぁぁぁぁぁぁぁぁぁぁぁぁぁぁぁぁぁぁぁぁぁぁぁぁぁぁぁぁぁぁぁぁぁぁぁぁぁぁぁぁぁぁぁぁぁぁぁ
4588.834,しゃあ！
4588.848,はいったーーー
4589.308,さあ後半戦!　がんばる…。
4590.184,ｷﾀ━━━(ﾟ∀ﾟ)━━━!!!!
4590.733,アンチ生きてますか？？？？
4591.289,うおおおおぉ
4591.389,ぁぁぁぁぁぁぁぁぁぁぁぁぁぁぁぁぁぁぁぁぁぁぁぁぁぁぁぁぁぁぁぁぁぁぁぁぁぁぁぁぁぁぁぁぁぁぁぁぁぁぁぁぁぁぁぁぁぁぁぁぁぁぁぁぁぁぁぁぁぁぁぁぁぁぁぁぁぁぁぁぁぁぁぁぁぁぁぁぁぁぁぁ
4592.005,すげえええ
4592.352,ぎりぎりラインから出てないんだよ
4592.562,出てるよ
4593.134,出た言うた奴眼科いけ
4594.349,うそだよねーww
4594.349,えぐすぎwwww
4594.815,やば！
4594.905,ゴミひろったからな
4595.239,きたあ
4595.624,おおおおおおおおお
4595.869,久保＜堂安
4596.36,ごーるになった
4596.454,うおおおおおおおおおおおた
4597.514,でてたやろw
4597.747,ナイス!!
4597.935,よっしやああああああ！
4598.364,たえろー
4598.622,きたぁぁぁ
4598.94,出てたよね・・・神の線？
4600.154,入ったー
4600.556,逆転きたーーー
4602.174,泣くよ？？
4602.972,きまってたらスペイン本気だすで
4603.286,前田ボールのフリ作戦か
4603.927,:red_exclamation_mark::red_exclamation_mark::red_exclamation_mark::red_exclamation_mark::red_exclamation_mark::red_exclamation_mark::red_exclamation_mark::red_exclamation_mark::red_exclamation_mark::red_exclamation_mark::red_exclamation_mark::red_exclamation_mark::red_exclamation_mark::red_exclamation_mark::red_exclamation_mark::red_exclamation_mark::red_exclamation_mark::red_exclamation_mark::red_exclamation_mark::red_exclamation_mark::red_exclamation_mark::red_exclamation_mark::red_exclamation_mark::red_exclamation_mark::red_exclamation_mark::red_exclamation_mark::red_exclamation_mark::red_exclamation_mark::red_exclamation_mark::red_exclamation_mark::red_exclamation_mark:やばいやばいやばいやばいやばいやばいやばい
4603.965,2点目
4604.364,出てないとかいったやつ馬鹿すぎ笑笑
4604.434,やった～～～～～～～～～～～
4605.501,感動
4605.672,いれろおおおおおおおおおおおおおおお
4605.867,ゴールwww
4606.79,よっしゃあ
4606.914,鳥肌たったw
4607.153,出てたじゃんけ
4607.504,おらおらおらおらおらおらおらおらおらおらおらおらおらおらおらおらおらおらおらおら
4608.219,出てないとかいったやつ馬鹿すぎ笑笑
4608.459,ギリギリライン上か
4609.162,きたー
4609.835,きたぁ
4610.295,え出てたやんww
4611.007,なにやってんだスペイン
4611.503,勝ち越し
4611.503,アンチ生きてますか？？？
4613.058,きたあ
4614.928,アンチ息してなくて草
4616.51,逆転！！！！！！！！！！
4616.51,もうゴール前に10人並べ
4617.248,うこ
4617.932,アンチ目みえてない
4618.166,でてないんです笑笑
4618.3,スペインに逆転て…ほんと？？
4618.729,出てないとかいったやつ馬鹿すぎ笑笑
4619.436,悔しい人ｗｗｗ
4619.629,審判ありがと笑
4620.822,いったい前半戦はなんなんだ
4621.214,ごーる
4621.249,油断は禁物
4621.604,うぉー
4621.92,艦隊がくるぞ
4622.955,スペイン本気だぞw
4622.957,逆転
4623.431,逆転！！
4625.581,アンチ息してる?
4626.712,川崎コンビ最高過ぎる
4627.034,4年前の再来
4627.622,アンチ生きしてますか？？？
4627.973,絶対出てたやんっww
4628.75,スペイン怒らせたらどうなるか見てみたい
4630.533,前半と審判かわったのか？
4631.715,ジャストミ〜〜〜〜〜〜〜〜〜〜〜〜〜〜〜〜〜ト
4632.157,出てないとかいったやつ馬鹿すぎ笑笑
4634.423,勝てるぞ。でも油断するな
4634.855,もう、このまま終わって！
4635.586,泣いてるしwww
4636.425,エグーーー
4639.594,アンチでは無い　馬鹿ども
4639.594,前半なんなん
4640.104,窮鼠 ネコを噛む
4640.372,ケチつけんなgm
4640.428,アンチ大丈夫？
4640.561,大砲とんでくるで
4640.7,4年前の再来や
4643.074,エンリケ・・
4644.747,アンチ可哀想
4645.1,逆転からの～？
4645.128,なくなw
4646.183,日本がんばれわ
4647.962,つぎブラジルかー
4648.313,えぐいてぇ！！！！
4648.421,勝てる
4650.659,後半始まったばかりだぞ
4652.153,せめろせめろ
4652.816,打ち合い覚悟で守るなよ
4658.716,神の手
4659.311,アンチ可哀想:downcast_face_with_sweat:
4661.136,さあ、ここからスペイン逆襲がきますw
4662.87,後はブスケツ削るだけ
4664.307,前回のベルギー戦みたいにならなければいいんだけど！
4666.096,日本🇯🇵日本🇯🇵
4668.607,しかし追いつかれるんだよなあこれが
4669.852,ボール自体は線出たけど、その時はボールは地面に付いていなかったからだね
4670.362,勝ち誇るなよ　情けない　応援してるに決まってるだろ！内容が悪いんだよ
4672.57,やはり前からの攻撃的なプレスがキーですね!
4677.317,誤審やとしてもナイスすぎ
4678.077,前半は森保の作戦？
4683.871,モラタ草
4686.651,がんばれーまじで
4687.221,ピッコロ「いや、ベジータ（日本）は負ける」
4690.249,🇯🇵:double_exclamation_mark:！
4691.083,なんでコスタリカに０なのか・・
4691.47,どうせ負けるってスペイン半端無いって
4693.106,前田いるなら前からけずれ
4699.311,これで攻撃せずに守りに入れなんて言うぞ。
4700.81,前田ボール？
4701.121,でも油断したらあかんで、攻めろよ
4701.494,追いつかれねーよ、日本はやるって
4702.455,窮鼠 ネコを噛む
4704.056,カード
4706.429,追いつかれねーよ、日本はやるって
4706.517,退場や退場
4707.304,顔痛いアピールww
4709.278,後は体力残して守りきってえぇぇぇぇぇぇぇぇぇぇぇぇぇぇぇぇぇぇぇぇぇぇぇぇぇぇぇぇぇぇぇぇぇぇぇぇぇ
4710.677,守ってくれよ〜:folded_hands::folded_hands::folded_hands:
4711.489,日本叩いてた奴クソ黙ってて草
4713.341,あとは守れ
4717.582,いいぞ字間稼げ
4719.489,そして終了間際に導電逆転。ドーハに悲劇２
4724.94,演技しろ　演技しろ
4727.567,さすがに40分は守れんで
4728.215,絶対出てたやろさっきのw
4728.277,夜勤中なんや誰が決めたか教えてくれ！！
4728.602,報復や
4728.938,クソおもろいなこれ
4730.063,田中大丈夫か？
4731.208,もう一点いこ
4732.809,おい？アンチ？何か言葉は？
4735.277,追いつかれねーよ、日本は勝つって
4735.509,え、ハーフタイムで金でも渡したか？
4737.924,まだ後半10分かぁ、、
4738.038,日本のユニフォーム欲しいんだけど、何番がいいかな？？、w
4741.049,怪我するんじゃなくてブスケツにさせるんだよ
4741.257,追いつかれねーよ、日本は勝つって
4747.995,アンチなんかほとんどいないって。
4750.223,何が起こってんだ！？
4752.942,前田がボールじゃなくて良かったな
4759.236,三苫かえ
4768.109,アンチ手のひら返ししてて草
4770.226,アンチ大丈夫？w
4771.264,ここで攻撃できれば進化。失点を恐れればいつもの日本。どう出る？
4771.315,やぱスタメンはダメだったね！
4771.317,VAR判定で出たんだから、間違いない
4771.75,流れ変わった:sparkles:奇跡を起こせ:red_exclamation_mark:　
4775.264,ねぇぇぇぇぇぇぇぇぇぇ頭おかしくなる
4775.45,エンリケもお手上げや笑
4779.743,頼む負けると思ってるんだよ
4781.043,いま2対1
4785.058,勝利の女神三苫
4785.645,起きててよかったサプライズ
4788.15,アセンシオ削れ
4788.226,長友下がると毎回流れが変わってて草
4788.244,やばい、アセンシオ
4789.196,日本のことぼこぼこに言ってたのに急に態度変わるん草
4789.287,絶対に出てた間違いない
4789.491,まじかよ、負けても、スペイン相手に勝ち越した
4789.62,まだ点取れんないと勝てんぞ
4789.71,うわースペインえぐいて
4790.598,アンチアンチいってマウント取ってる奴きしょいよ
4790.797,心配しなくても再度逆転されるがな
4790.856,点取り屋でてきた
4792.198,麻也おもろ
4792.769,やっぱり三笘
4795.489,やば！スペインの10番だーー
4797.323,モラタがいなくなったww
4797.745,2位通過おなしゃす
4799.815,え、スペインモラタ抜いたんだけど
4799.983,南野出せや
4800.802,心配するな。守りに入って失点されて予選敗退。
4800.878,アンチとほざいてるのは小学生だろーな
4801.441,すごすぎるー
4803.837,アディショナル入れて約45分くらいか
4804.622,今回ゴールラインテクノロジーは無いの？
4805.724,アセンシオ削れ
4808.601,出てないて目ないんか
4810.918,守り入ったらまけるで
4816.078,スペイン監督ブチギレ
4816.15,サブ垢で攻撃きてて草
4816.858,トーラスか〜
4817.909,アセンシオバケモン
4822.291,あとは守備についていけない人から代えていくべきだとおもう
4826.51,前田スタミナやばすぎ
4826.711,腱鞘炎のお薬だしときましょうか？
4828.929,俺達のスペイン最強
4833.399,現地のコスプレしに来てる奴ら恥
4833.457,よく走るねー、こういう選手まじでいい
4833.493,伊藤はだめだ
4838.097,交代
4842.572,おいおいおい
4845.551,試合終わってるんですか？
4846.419,アンチ？俺の事だよ。やっぱり日本はやれると思ってたんだよなぁ～
4847.171,そうはならんやろ
4848.79,出ましたパスミス　これでやられただろ
4849.053,前田ボールに似すぎ
4852.98,全員が90分は守備もたない
4853.618,とりあえず守田を変えようよ
4853.869,嘘つけwww
4855.911,まだ30分以上あるんだけどな
4859.657,誰か教えて試合終わったの？
4863.005,イエローカードもらって誰か退場しそうやな
4865.47,前田がよくなったわ。ガンガンプレスをかけるようになったからスペインがいい形でパス出せない。
4866.082,3-2でスペイン
4866.313,相手変えきたな
4868.735,前田まじで走るだけでいい役してる
4871.667,おわってねーよ
4872.47,試合おわれ！
4874.319,日本て強豪に強いのなんでなんや
4880.296,コスタリカ戦はなんだったんw？
4882.141,スペインのかちか
4882.186,浅野出番
4882.489,そーはそれんのそー
4887.656,3－2　賛成
4892.618,前田ボールに似てるから役に立ってる
4897.968,日本勝てよ
4900.472,いや
4901.374,スペインに負けたんすね
4901.769,強い方が燃えるこれが日本らしい
4902.181,前田のプレスきいてる
4906.463,日本得意のボール回しや
4907.49,コスタリカ同店
4909.041,コスタリカ追いついた
4912.216,堂安て凄いね、有言実行
4917.039,起きてよかったわ
4918.566,ドイツ1対1コスタリカ同点
4919.869,スゲー:red_exclamation_mark:
4925.093,コスタリカまじ？
4927.251,本田怒ってるw
4928.379,コスタリカ戦も三笘早く使ってれば勝てた説
4930.502,11番よりマシ
4936.214,堂安えぐーーーーーーーーー
4936.691,遠藤欲しいな‥
4937.318,コスタリカが同点だと、、
4939.088,今の日本に次はあるん？教えて詳しい人
4940.22,もう一点頼む
4942.096,コスタリカ追いついた
4944.018,ほんまや。これはいけるんじゃないか
4946.975,みんな、日本が負けたらヤジ飛ばしそうな予感しかない
4949.495,もう１点いけたら、同点にはなるだろ　恐らく
4954.627,面白いグループだね
4959.014,甘く見過ぎ
4959.501,最悪同点にしたら行く可能性ある
4959.633,日本のプレスききだしてな
4960.739,えぐすぎる
4963.735,スペインに勝ってる🇯🇵www
4965.391,コスタリカ同点で分からなくなったぞ・・・
4966.697,スペインに買ったらほんとにえぐいて
4968.798,このまま守りきるのは難しいよ
4968.8,4年前の再来
4971.359,もう１点欲しい
4974.717,ドイツも崩壊してるよな
4979.087,いい試合すんな~！
4982.208,でも、1位通過やとキツイ
4983.463,ただ日本はDF 3人もイエローくらってるのが後々効いてくるかも
4987.265,コスタリカ追いついた
4989.318,ドイツもどないしてんw
4989.654,コスタリカ追いついたんだな
4992.538,前田、プレスをやめてはダメだ。
4992.909,焦りでかえってスペインのポゼッション崩れてるから、どんどんプレスで跳ね返してほしい
4993.791,いやドイツスペインにかって、コスタリカに負けたらやばいで
5000.531,ドイツコスタリカにw w🇨🇷
5006.647,ドイツと同じ展開
5008.656,もう寝ようと思ってたのにw
5010.161,(このままいくと・・)日本が1位通過
5010.291,日本とコスタリカ上がる可能性あるの草
5010.409,誰だよスペイン応援してる言う奴は！俺だよ
5011.057,攻撃か守りか　最後まで攻撃だ！コスタリカを思い出せ。
5014.232,世界がひっくり返る
5015.15,コスタリカ一番強い説
5019.207,エスパーニャと言わない　エセスペイン人w
5023.609,ドイツと同じ展開
5023.837,目は冴えたw
5034.484,守田かえーや
5038.445,絶対かてる！
5047.288,コスタリカが逆転したらスペイン120％で来るぞ・。・
5048.55,さっき日本無理だとか言ったやつ誰
5048.65,いやこれで勝ち上がったら、ベスト8いくやろ
5050.178,三苫、1対1の守備うまいね
5051.031,引き分けでもええんか
5056.477,いっけえええまぐれジャパン！
5056.492,気を抜くなよ
5057.093,コスタリカ強すぎて草
5057.185,あさのー
5057.332,ドイツとスペイン倒して上がってきたら、優勝もあるぞ
5059.833,浅野きたあ
5060.568,コスタリカがんばれ
5063.412,これでコスタリカ勝てばベスト展開
5064.316,三笘いけー！
5066.535,いけるぞぉぉぉぉー！
5066.536,距離つめるに限る
5066.888,前田よくやった
5070.768,25お疲れ
5072.374,浅野！
5072.669,いやぁ、まだ難しいと思うで
5072.933,変えなくていいわ
5073.82,前田頑張ってた
5073.882,落ち着け落ち着け落ち着け
5078.223,えろ
5079.281,ドイツ暴動起きそう ww
5079.301,三苫すげえ
5083.065,前田代えなくていい...
5085.668,おつかれやで
5087.803,ばもーす
5088.224,vamosも知らない　にせスペイン人：P
5089.254,浅野決めそう
5089.642,スペインドイツが予選落ちの可能性
5089.737,前田お疲れ様です。
5091.022,ドイツ凄い攻撃・・
5092.094,26伊藤だせ
5092.768,朝のー
5094.514,一番いいのは日本勝ってコスタリカも勝ち
5096.329,出た浅野w
5098.605,前田大善ありがとう
5098.689,こんな濃密な内容あと30分以上もつのかw
5101.433,前田おつかれ
5101.552,日本とコスタリカが勝ったら一番面白い展開
5104.498,浅野プレス行こう
5104.531,前田ないすぅ
5108.879,まだ点取るきやで
5110.614,26 伊藤だせ
5112.278,:clapping_hands::clapping_hands::clapping_hands::clapping_hands:
5114.142,アセンシオ怖いな〜
5118.743,浅野、前田と同じ守備ができるのか。がむしゃらとはちがうよ
5121.572,三笘守備うまいな
5129.424,コスタリカが調子が良い
5134.168,三苫守備うまい
5136.331,三笘守備もいいじゃん
5138.698,すくな・・・
5140.638,え、なんで日本2点もとってんの？ボール持ってるシーン見てないんだけどｗ
5143.09,勝ったら森保称賛されるな
5145.222,おしー
5149.468,コスタリカwww
5152.975,結果的にはスペインは二位通過のほうがあとあといいのか？
5154.148,サポが付いてこれないのよ・・・・
5155.608,三笘すごすぎ
5155.747,鎌田走れないよ、南野だせ
5158.384,ね、三苫は守備よいです
5159.686,ポイチー
5165.64,三笘入ってからまじで
5169.475,ドイツサポーターガチギレで草ww
5172.996,おしい
5173.298,やっぱ相馬が良くなかった
5173.445,蒲田・・・何してる？
5175.529,3点目欲しいな~
5175.53,日本コスタリカに勝っとけよw
5177.684,三笘入ってからながれ変わりすぎ
5179.394,3点とったらいけるかも
5183.729,唯一スペイン監督が警戒してたのはスタミナだもんな
5185.964,タイマーかけ忘れたn:loudly_crying_face:いまおきた
5197.567,１３　トロトロ見るな
5201.802,吉田わるくないで
5203.37,ポストに嫌われてるコスタリカ
5205.01,伊東は変えてやれ
5205.925,三笘レベチ
5207.162,吉田ないすー
5208.048,三笘まじうまいよね
5208.468,そろそろ渋谷向かわないと　埼玉じゃ間に合わん
5212.559,ナイス吉田
5212.934,勝つ:red_exclamation_mark:
5213.136,三笘やべーな
5215.279,堂安は、本田といっしょなのよ。カットインとメンタルしかない
5217.747,三苫うますぎるっw
5218.615,26 伊藤だせ
5219.516,かってるの？？？？
5220.885,浅野れべち
5223.055,てか、よっぽどコスタリカの時攻めてたのに0点てどういうことーーー
5224.325,仕事大丈夫かな。寝不足
5233.007,大学生のおこちゃまは渋谷に行ってこい
5233.636,三苫が保持すると空気が変わるんだ・・・
5235.341,いやコスタリカ対ドイツ同点なら日本いくで
5241.59,かてるぞー
5244.239,耐えて...
5246.503,前半温存やったんか。森保さんやるなあ
5246.839,スペイン焦ってますね〜
5248.375,冨安でれない？
5249.5,こりゃあ明日遅刻やなw
5250.372,がんばれー
5250.598,勝ったらさすがに祝日
5256.011,三苫がクリロナに見える
5258.396,たのむ:folded_hands:
5261.897,祝日ください
5263.105,行ったらいったではしゃぐんだよな・・・各局　あれが引く・・・
5263.958,アンドゥはブルーロック出身やな
5265.777,なぜ三苫を最初から出さないの？
5266.641,プレスの強度をさいごまで落とさないこと
5274.301,得点を奪え:crossed_flags:
5276.252,いや並びだけでも4グループのトップに日本いるだけでおかしい
5278.747,トイレ行ってる間に勝ってるし:red_heart:
5279.563,vamos Japan
5280.049,祝日休みの会社じゃないから嬉しくない
5280.429,ドイツ一勝もできんとか国に帰れんな
5281.472,動き全然変わったな確かに、だが。、
5281.786,スペイン相手に誇りに思うわ。本当に
5286.808,三笘はスタミナ
5293.176,このままでは終わらないよ　スペインは怖い
5294.808,日本勝ったら、明日は祝日にします
5297.504,コスタリカに負けてスペインとドイツに勝った国という伝説が起きるかもしれない笑
5299.35,買ったら祝日やろ当たり前や
5301.737,相性ってあるんだよ
5302.743,ドイツサポーターガチギレで草w w
5303.449,コスタリカが押してる
5307.043,攻撃攻撃
5312.007,買ってくれ
5327.687,どこでドイツ戦みてる？
5329.029,守りに入らなければ進化
5329.865,浅野いけ
5331.972,絶対このままうまくいかない
5333.298,鎌田、べつに持ったときはいいんだけどなぁ
5336.818,ABEMA
5338.984,守備よ
5350.064,このままでもスペインも行けるなら手打ちでいいやん
5350.875,まあ油断は一瞬でもできんな〜
5352.969,堂安一気にこれで金持ちになったな笑笑
5353.246,この動きだったら絶対勝てる
5355.425,先にもう１点頼む
5358.189,両試合　PCで見てる　ドイツ怖い
5363.834,テレビ見てると、堂安と伊東の見分けがつかん、、
5369.764,スペイン明らか雑になってるわ
5372.974,ベルリンの壁崩壊
5374.671,伊東変えて4バックでいいぞ
5375.514,富安出てこい
5376.011,冨安入るくね？
5376.462,天国から地獄そして天国？
5378.02,いい交代
5379.586,闘莉王だせ
5379.587,かったらドーハの何になるんや？
5381.013,とみー
5387.392,冨安きたら安心感えぐい
5388.851,ドイツサポーターガチギレで草w w
5390.042,守備もたなくなってる人から
5390.263,さっきまで日本応援してなかったやつが日本が勝ち越した瞬間に休日求めるのやば
5394.528,富安ーーーー
5397.094,ドーハの奇跡だろ
5398.76,26 伊藤はやめてくれ
5399.146,守りに入るな　攻撃姿勢を変えない事
5400.669,冨安たのむ
5404.424,奇跡やな
5411.378,伊東は交代
5411.561,やばいやばい
5413.598,日本の進化は止まらない
5414.346,日本のプレスがきいてて、スペイン攻めて無くなってきたな
5416.226,勝ったらFIFAラン一桁やろ
5419.233,途中からでも冨安使える日本
5419.649,そう簡単にはいかんから見てな
5421.919,ドイツスペインにかったらベスト4いけるやろ
5424.098,あと20分弱たえてええええええええええ
5427.22,がんばれ:red_exclamation_mark:
5433.46,前半日本手抜いてたってまじ？
5438.886,ドイツ３バックで総攻撃　凄い　怖い
5438.886,きたーー
5443.603,冨安や
5444.988,我らの冨安ーーーー
5447.184,油断大敵
5448.928,ドイツで暴動起きるんやね？笑笑
5449.086,これ勝ったらベルギーの方か，ブラジルの方どっちになるんや？
5449.295,Quanto tá o jogo japonês?
5450.261,ドーハの喜劇
5450.413,20分とか永遠に遠い
5452.129,もう反撃くるぞ。
5459.577,勘違いドイツが押してる
5461.533,前半は全員が影武者や
5463.783,ベルギーまけたで
5463.937,明らか雑いしいけるわ
5464.148,神様お願いだ:folded_hands::folded_hands:
5466.489,後半至上主義
5466.572,よしガビ
5467.64,日本がんばってるのもあるけど、スペインが球離れわるくなってる
5470.818,まるで将棋だな
5472.429,マジで遠藤欲しいわ
5473.79,ブラジルのほう
5475.329,スペイン5枚変えてきたぞ
5477.442,モロッコかクロアチアじゃねーの？
5477.483,勝ったらクロアチアでしょ？
5481.204,ビクトリ!
5482.111,アルバ来たから仕掛けてくるぞ
5483.968,右ができるからな
5483.969,ベルギー負けたん？えぐ
5485.247,身体能力高いの出てきたな
5486.034,とみやすきた
5488.766,喜ぶな　コスタリカが仮に逆転したらスペイン目の色変えるぞ
5490.125,柴崎出してー
5491.813,かまだ？
5493.679,スペイン初めの勢いがなくなりましたね
5496.428,スペインの未来が下がった
5502.286,ルカク物語だったでベルギー
5502.563,ドーハの悲劇、マイアミの奇跡だから、喜劇がいいかもw
5502.705,負けたいスペイン
5504.833,長友いつまで代表なんや
5504.871,アレックス出せや
5505.156,いい、代える相手も
5507.14,ボール保持しろ
5507.775,かまだ
5508.002,蒲田お疲れ
5510.659,鎌田ないすー
5511.571,鎌田は限界だよ
5512.894,権田、ゴールこのまま守り切ってw
5513.023,ブラジルだろ
5515.771,ルカク戦犯
5519.431,いっけええええ！というか終われ！！！！！ｗ
5520.292,やっと鎌田出ていった
5524.626,鎌田お疲れ様だ
5529.303,攻撃姿勢を！
5531.415,なんだ、、、この交代は、、、、、、、、、、
5533.732,勝ったら奇跡とか喜劇とか言われるJAPAN(笑)
5535.164,勝てる勝てる勝てる
5535.732,とみやすや
5537.75,この交代はどういう事だ
5539.097,勝ったら朝起きた時の日本のみんなビビるで笑笑
5539.204,サッカーやりたくなった
5540.527,南野はよ
5540.659,ルカク出してやれ
5541.142,ルカク戦法無理やったんか笑笑
5542.52,鎌田お疲れ
5542.521,今日は判断めっちゃいい
5549.936,このまま保持してプレー終了が1番
5551.254,結果こそすべて
5551.644,守るのはアデショナルタイム終了２分間のみ
5555.564,守備の強度おとさないで
5555.564,2位通過のほうがほんとはいい
5557.089,ヤバイよ
5559.555,南野来たら最高
5559.971,鎌田おつかれ
5563.129,素人なんだけどこれこれいけそうな感じ？
5563.175,あの人はボール投げる担当だよ
5565.202,良くて引き分けだから見てなって
5565.864,ファウルに注意よ
5568.717,冨安おまえが要だぞ
5575.953,ベスト8か
5577.185,南野来て欲しい
5577.86,あと２５分
5577.98,まだわからん
5585.198,みんなの意識統一が大切、守備は
5590.872,冨安いけー！
5591.911,コスタリカ逆転
5593.036,とくにスペインの相手は
5594.635,駒野のPK
5596.242,コスタリカ逆転
5596.304,わろた
5596.804,おしい
5598.206,縦パスから裏取りに行く感じにしたい
5598.775,みとますごすぎ
5599.078,コスタリカ逆転
5599.465,三笘やっば
5599.824,おしいいいい
5599.886,おい、あさのー！
5600.329,あさのーーー
5601.281,三苫うま
5602.721,これまずい　スペイン怒るぞ
5602.963,浅野ーーwww
5603.99,日本かったらあしたやすみ:hugging_face::hugging_face:
5604.868,三苫えぐ
5607.089,引き分けでもよくやったほう
5608.196,コスタリカ？
5608.478,ああ　勿体ない
5609.847,みとまやば笑笑
5610.362,おしいいいいいいいい
5611.612,三苫エッグ
5613.596,三笘強すぎ！！
5614.73,三苫やばいこいつレベルちゃうわ一人だけ
5615.743,コスタリカ2点目
5616.329,三苫ちゃんブルーロックやわ
5616.958,おしー
5617.253,三笘ベイルかよ
5618.43,arriba Japan
5618.832,朝の
5621.334,スペインずっと本気よ
5621.609,パスうま！
5622.067,おしい
5623.069,戦略三苫は最強
5624.737,三笘うますぎる
5627.384,すげーな三苫
5627.504,三苫がちすごくね？？
5629.472,三苫、どんどんやっていいよ。できるの知ってるから
5629.638,三笘ナイス！
5629.789,まぁこれはドンマイ
5630.141,三苫やばすぎるっっっっw
5632.304,三笘のインタビュー思い出したわ笑笑
5635.306,コスタリカ逆点
5636.435,三笘いいとこ移籍させたい
5636.997,あさの
5640.179,すべてが完璧
5643.134,三苫、やばーー
5645.359,2人きてたし、しゃーない
5647.702,三苫レべチ
5649.071,三笘、もう黒豹やん
5649.684,コスタリカ逆点
5651.937,森保泣きそうになってるやん笑笑
5652.095,良い動きじゃんよ
5654.033,ビッグクラブから絶対引き抜かれるやん
5654.076,試行回数どんどん
5655.053,コスタリカがち？
5657.112,はまじ
5657.245,コスタリカ逆転マジ？w
5659.621,頑張れ！
5660.967,勝つだけなんでってやつがちやん
5661.635,コスタリカ2点目はえぐいぞ！
5663.1,いくやん日本
5665.43,コスタリカえぐww
5667.368,閃光の三笘
5668.16,コスタリカ逆点
5669.655,コスタリカえぐくね？
5671.686,ポイチー
5674.288,え、日本えぐいやん
5674.88,ドイツサポーターガチギレで草w w
5678.618,浅野、昔の岡野か
5679.947,俺らほぼ確でいけるやん
5680.6,いやドイツどうしたんだよ
5684.128,勝つしかない
5689.743,コスタリカ強
5690.808,引き分けダメやないかーい
5698.904,ドイツ、頼むから同点にしてやー
5701.335,ドイツおわたww
5702.432,え、前半のスペイン優位は何だったの？舐めぷ？
5703.342,ドイツ負けたら暴動起きるで
5703.963,俺の理想がw　日本とコスタリカ勝ってくれ！
5704.256,まあ今のところやからなw
5705.219,浅野はしょうじきだなぁ、あかん
5706.085,コスタリカつよいわ
5706.369,2大会連続敗退はやばいだろ、ドイツ
5706.386,ダイレクトボレーかっこよ
5706.638,ドイツ負けてて草
5707.187,コスタリカ日本で予選突破したら下剋上や
5707.278,いくやん笑笑
5707.403,ドイツ何してんの
5711.213,コスタリカ勝っとるやんwww
5715.673,コスタリカと日本行ったらやばくねえかw
5716.704,コスタリカ・・・・ｗ
5716.847,コスタリカ強www
5716.85,ドイツ帰れなくね？
5719.471,コスタリカ、ダイレクトボレーかっこよ
5720.686,ワンチャンスペイン決勝出れなくね
5721.436,ドイツ負けてて草は草
5724.621,コスタリカが1番強いわ
5724.622,このまま行ったらスペインドイツ予選落ち
5727.055,いくぞこのままｰ!
5736.101,浅野w
5738.962,コスタリカ、日本勝ったから本気出したな
5743.77,どこパスしとんねん
5743.77,日本攻撃チャンスふえてる草
5744.379,ドイツ同点
5747.808,クリアミス　失点・・・するよ
5752.004,スペインあせってんなー笑笑
5752.119,ドイツ　暖房費　節約して負けw
5752.469,スペインドイツ敗退はまじやばいて
5753.185,スペインドイツおわたw mw
5753.844,2-2
5754.521,コスタリカつえー
5755.696,スペイン落ちるのはやばい
5756.923,また長崎日大か
5758.601,吉田を映すなｗｗｗｗ不安になるｗｗｗｗｗ
5759.868,スペイングループリーグ敗退ww
5760.998,くるぞ反撃が
5761.498,ドイツが弱いのか？
5762.417,あ！
5762.499,ほんとに死のリーグになった
5765.506,こわいこわい
5767.399,ドイツ同点
5769.665,ここまで来たら下剋上や
5770.413,コスタリカ実は強い
5771.06,オレンジのスパイクの奴、全然守る気ねえやん
5776.037,このままいくと日本とコスタリカが通過か
5776.449,明らか勢い変わったな
5776.891,スペイン強いぞスピードもパワーも
5778.451,ドイツ同点や
5778.624,スペインドイツ敗退したらやばすぎ
5778.649,2体２
5779.552,アルバ気をつけろ
5782.19,ドイツ2点目
5783.566,2-2
5785.046,コスタリカつよ
5792.673,ナイス
5793.369,やっぱりなw
5799.914,玉子　🇩🇪
5803.592,ここ守れ！！
5806.196,勝つんじゃー
5806.242,ジャマカス倒せ
5809.045,今日、浅野ダメそうな気がする、、
5809.045,バタバタするな
5809.342,浅野プレス行かねえとダメだなー！スペインのペースになってる。
5811.842,ドイツ、オーバーヘッドはエグイが
5813.784,前田から浅野に代わって、前のプレス弱くなったな
5813.844,あぶねー
5815.072,ここ頼む！！
5819.062,失点の予感
5820.205,怖いねえ
5821.301,スペインとドイツで2位争い？
5822.004,守備の立ち位置はまあまあいい。サイドはタテ切り気味で
5822.784,クリアハッキリしろ
5823.816,バクバクだわ
5825.749,ドイツとスペイン予選落ち
5826.632,南野だせよまじで
5827.764,本田なんかかわええなw
5827.773,コスタリカいけー！
5827.945,ドイツ同点
5832.865,前田が必要みたいだ
5834.962,同点かーい コスタリカ
5835.453,つか浅野守備しろ
5837.146,ドイツ　コスタリカ同点
5839.421,ドイツやるやん
5841.605,ドイツやるやん
5842.663,同点かよw
5845.562,ナイスクリアー
5845.957,前の選手はもういらない
5849.698,南野でれるん？
5851.324,いい勝負
5853.005,同点ww
5858.04,ドイツ早いて
5859.322,エンリケあせりすぎ
5859.578,同点でおわれよ
5860.214,守備もたなくなってる人から代えるべき
5861.744,ドイツサポーターガチギレで草w w
5862.572,ここのグループおもろ
5868.074,ドイツ　ばてるか　総攻撃か　
5868.556,前田はサッカーボールに似てたから役に立ってた
5870.995,谷口を勝たそう、勝たそうとする:smiling_face_with_smiling_eyes:
5871.007,よし！いいぞドイツ🇩🇪
5871.461,よしだないす！
5876.23,ドイツも見てるけどめっちゃいい試合
5876.343,スペイン前に出てくるようになったな。さっきまで遊んでたのに。
5877.14,まじ守れ
5877.27,なんかめっちゃおもしろい
5879.799,ドイツはもう、ほぼ無理なのか
5881.161,tドイツ戦見るわ
5881.948,本田わかるわwww
5884.556,コスタリカがんばれー
5885.598,日本のこと批判しまくってた人手のひら返しやな笑
5887.375,谷口まじでいい
5888.918,ブラジルにしばかれる
5891.007,引き分けじゃないと日本が決勝行ける確率下がる笑
5892.399,浅野が守備いかないとスペインにいい形でチャンスを作られる。サボるんじゃねえ。
5895.293,張り詰めた緊張の糸が切れるか
5897.74,守備固めたらダメなの？
5903.853,みんな応援はしてんのよ？
5904.138,点とられるか退場
5904.564,モリヤスjapan全員サッカー:soccer_ball:で良いサッカーで悔いのないように頑張ってね♫
5908.177,HN日本弱すぎさん、まだいるかな？w
5908.28,おけおけおけおけ
5908.35,え？日本ハーフタイムで金でも積んだの？
5908.789,冨安！！！
5910.854,谷口素晴らしいな
5912.295,冨安ないすや
5912.438,サンキュー冨安
5913.028,あたりまえやろ、こうなるなんて誰も思わない
5913.939,スペイン激おこ w ww
5915.177,起きてた甲斐があったかもね
5916.281,冨安つえぇ
5923.535,前田、カツラ被って変装して出直してくれ
5924.746,富安　コンディション大丈夫なんか
5927.389,やぱ、冨安やーー！
5930.988,スゲー！勝てる勝てる勝てるぞ！
5933.054,前田ボールに見える最高
5936.572,勝負の世界に絶対なんてないんやから
5936.572,押し返して押し返して、剥がされなければそれでいい
5936.816,凌いだのデカすぎ
5939.084,コスタリカ　凄い攻撃してる
5942.947,前田カツラ変装してまた出ろ
5945.406,コスタリカ頑張れよ
5946.088,冨安えぐい
5950.86,冨安さすがや
5952.768,コスタリカも気になる
5956.889,むしろボールが前田に見えてきた
5960.392,ドイツ決定的チャンス
5962.8,バチバチやん、激アツ
5963.243,でもスペインも押すねぇ
5965.399,スペイン遊んでるんか
5965.508,日本，コスタリカで予選突破やったら1番面白い
5965.773,イニエスタ、
5967.662,コスタリカ　キーパーナイスセーブ
5975.574,前田蹴られすぎ
5984.494,いや最悪同点かな
5984.512,スペインキッズしょんぼりしとるやん！
5987.61,浅野がとまってんな
5989.919,浅野サボるなよーーー？
5996.755,スペインおわたww
5997.129,谷口いいね
6002.652,19　プレス
6003.453,浅野プレスかけないん？
6005.641,得失点でコスはないよな
6007.132,浅野プレスプレスやー
6009.654,遊びなわけないだろ
6012.44,サボっててもいいから勝ってくれ
6012.442,浅野ブスケツのライン消して欲しい
6014.441,今は守備が仕事だから、FWも
6017.977,浅野　昔の岡野ぽかする
6018.145,浅野追い回せや
6025.641,勝ったら日本さわぐやつがいるのが嫌だ
6033.286,え、まじで日本いつゴール決めたの？ずっとスペインボールなんだけど！ｗ
6039.139,このペースのままはきつそうやな
6039.929,守備に切り替えるな
6042.154,浅野走れよまじ
6045.066,浅野体力ちょっとないねん。
6048.641,スペイン誘ってんな　うまい
6048.893,前田から代わって明らかにかわったな
6050.823,怖い時間帯が続いてる
6053.28,全速力でプレスかけろや浅野！
6053.282,スペインの保持力ヤバイな
6056.507,堂安もコース切り甘いよ
6057.807,まだまだ攻めないと無理だぞ
6058.368,PK怖がるな
6062.316,浅野もっと追えよ　前田見習え
6067.874,PK注意
6068.002,舐めたらだめなんや
6068.688,攻めたい
6069.388,浅野と堂安甘い
6070.648,せめろや
6072.912,スペインめっちゃ攻めるやん
6075.365,前田ボールとして試合に出ろ
6077.834,なめたら終わり
6081.076,浅野が穴になりそう、、
6083.397,原口元気出ろ
6084.498,やばい観れない、、、
6084.841,同点にされたら負けそう
6086.646,26 伊藤だせ
6087.135,舐めたらあかん
6087.976,ほんとそれ、前田と同じDFが必要
6092.164,ドイツ　コスタリカ戦　熱い・・・凄い
6093.816,三苫ないす
6096.476,三笘ナイス
6097.301,三笘えぐい
6097.709,勝ちに行くならもう一点とれや
6097.993,これ、、、すぐ点とられるだろ
6101.834,三笘やばい、神か？
6106.942,三笘レベチ
6114.389,もう守りに入るのか？まけるぞ
6118.018,このままなら点取られるな
6119.558,浅野、お前が走れ
6120.246,これが相対性理論か！時間が長く感じる
6122.957,早く試合終わってくれ笑笑
6132.218,前線のプレスがきかなくなったな・・・
6132.83,スペインに持たせるな、あたれ
6133.221,はよ終われー
6134.104,いけるぞ
6137.816,審判邪魔や
6137.829,真ん中、もっと手厚く
6137.892,ドキドキするわ…
6138.628,まだ20分以上あるのに何してんの？
6143.444,神試合や
6144.582,テンポ変わる瞬間がこわい
6146.429,本田んんまそれ
6147.07,きつそう
6147.489,まじで頑張れ
6148.938,いっけえええええまぐれジャパン！
6157.844,も10分近くスペインボール回しジャン
6158.959,あと20分ぐらい？
6160.228,大和魂
6163.438,耐えろ　耐えろ　耐えろ
6169.5,浅野何してんねん
6172.599,顔面ブロックじゃ
6172.759,攻めなければ勝てない
6178.378,もう何でもいいから勝ってくれや
6181.73,日本の、10番だせやー
6183.339,あとは守るだけや
6186.306,ハーフタイム？
6192.902,南野！
6199.24,くるぞ
6199.24,コスタリカー！！！
6202.055,三苫と堂安以外何してる？まだ守るな
6203.539,浅野追えや！
6203.73,お前らがベルリンの壁じゃ
6203.949,勝ったら祝日にしろよ、岸田
6204.568,ボールを追え、浅野
6205.715,ラインあげたい
6206.85,浅野高さがなさすぎ
6207.745,足とまってんな
6208.304,まだ守ってたら勝てんて
6209.495,スペインも結婚焦りだしてますな
6211.081,少し空いてたらタテ通すから、ほんと真ん中たのむ
6216.974,日本のパスは相手渡しているのか？
6221.024,攻撃か最大の防御だそ
6226.082,浅野がいなかいからどんどん下がってきた
6230.637,今回の南アフリカの審判優しい
6232.663,プレスかけてせめろや
6240.135,三笘と堂安の守備での貢献力も凄まじい
6242.44,こえーーー笑
6242.584,こわ
6244.465,攻めろよ
6246.299,甘い甘い
6248.06,前田
6249.118,耐えて耐えてワンチャンス物にして欲しいね
6249.668,キーパーでろよ
6250.724,冨安さすが
6252.308,程よく攻めろや
6255.602,あぶな
6255.683,前田出ろよ
6258.333,いやここでプレス前から行くとギャップつかれそう
6260.63,浅野が追わねえからチャンス作られとんねん！
6263.441,きっかけのスペース空けちゃダメ
6264.486,浅野マジでプレスにいってくれ
6265.056,そろそろ決められるなこりゃ
6268.367,まだ2点くらいは余裕でやられる
6274.178,コスタリカとの温度差が・・・これが世界なんだろうね。日本は守備に徹するか？終了間際に失点の臭いぷんぷん
6274.24,日本側しかコートつかってねぇｗ
6276.874,これ何分に終わる？
6278.952,浅野が走ったら変わる
6282.115,前田でとるわ
6292.496,あときゅーふん
6294.911,ハーフコートサッカー
6298.949,あと20分くらいあるんか？
6298.949,スペインが守勢に回る初めての試合だぜ
6299.627,浅野サボりすぎ
6300.441,コスタリカー！！
6302.117,浅野さーん 役割わかってるー？
6308.145,よっしゃー
6310.018,よしよし
6310.231,フリーきた
6311.009,よしっしゃ
6312.952,ある
6314.611,コスタリカの防御と日本を見比べて　カウンタの臭い無し日本
6316.661,こういう展開の時に限ってアディショナル7分とかで困るw
6317.238,きたきた
6322.771,よしよし
6329.099,この時間ながい
6331.901,この状況ではな
6336.018,7分もないやろ
6336.561,時間かけろww
6337.441,1人サボるだけで、他10人の台無しになるのよ
6338.616,ここでもう一点
6342.012,７分よりおおいわ
6342.361,攻めに時間かけろや
6343.032,時間稼げ
6348.042,金髪は1人にしよう
6348.105,魔術師　三苫
6350.823,沈めろ
6351.004,目が完全に冷めた
6351.261,浅野「何でＦＷが守備しなきゃいけないん？」
6351.785,あともう1点ほしい
6352.304,おしいぞ
6353.717,おしい
6354.731,パスで時間使えよ
6356.393,え、もう7分？いけそうじゃんよ
6357.02,ヘディングでは無理や
6359.297,あー
6361.799,おしい
6363.189,ロスタイム結構多いかもね！
6366.307,3点目いけ
6369.951,攻めろよー
6370.067,w
6376.04,コスタリカ　何か熱くなるね・・見てると
6376.741,ここの人手のひら返し好きすぎやろ
6376.908,金髪は1人が良い説
6377.196,アディショナルタイムや
6377.247,シュート数そんな変わらんのな
6377.739,行ける行ける!!日本ファイト(*•̀ㅂ•́)و✧
6378.505,浅野ほんとに思ってそうでこわい
6380.914,ロスタイムに同点に追いつかれるドーハの悲劇の再来はやめてよ
6383.283,あと１５分かな
6386.849,何してんねん浅野
6391.071,こけてるやつ多かったからロス6分ぐらい？
6392.64,前田の良さがわかるわ笑笑
6392.735,サッカー見ろよ笑
6396.713,まじ手のひら返しよな笑
6398.027,浅野キープしようよw
6398.482,耐えてばかりやと、いつか決められそうw
6400.012,耐えてくれ:folded_hands::folded_hands::folded_hands:
6400.547,ふんわりヘディング
6403.038,三苫で流れガラッと変わったな
6403.868,ラモスのあの光景が蘇る
6407.465,ここで行かねえんだよ浅野が
6407.807,前田が恋しい、、
6412.024,以前に比べてヘディング増えたよなートラップしてからよりもスピーディー
6414.76,だから言った、浅野はやめとけと
6419.728,三苫ー
6422.115,やばいこれまさか。。
6426.335,よしだ！！
6426.619,手のひらくっるんくるんですがなにかｗ
6427.934,正直このあべまの動画見てない笑
6429.022,これもサポなし
6430.508,おしーなぁ
6430.955,おっしー
6432.017,浅野のドイツは奇跡
6432.75,ファールとれよ
6433.935,点は取れんな
6434.561,前田は役割果たしてた 別に目立つ必要とかなくて
6436.045,惜しい　頑張った
6437.962,はー？
6442.811,うーん攻めたけどもう1人欲しかったな今の
6442.811,伊東疲れとる
6445.301,くるっくるは可愛い笑
6446.916,日本、頑張れー！
6451.038,日本強いな
6452.633,ドイツ最下位は草ww
6457.075,26伊藤だせ
6457.159,浅野走れ
6458.846,コスタリカは最低2人居るけどね
6458.885,日本勝ってて草
6462.427,ドイツ逆転
6464.221,守備追えなくなってきてる人から代えて、たのむ
6464.741,ブーブーー
6467.535,ドイツ逆転
6469.97,首位通過は策略説・・・
6469.97,伊東バテバテ
6475.332,浅野ジャガーポーズ見せてくれ:double_exclamation_mark:︎
6475.497,えマジで？
6475.615,プレスプレス
6478.37,この時間が正念場やなぁ
6481.835,いや14番マジで全然ボール追わんな
6481.896,アセンシオ怖すぎだろ
6483.987,ドイツはベルリンの壁からやり直せ
6484.537,三笘かみかよ
6485.37,よしよし　耐えろ
6486.225,ドイツさすがやな
6486.972,ドイツ3点目
6488.322,三笘完璧
6492.256,あと20分か
6494.434,掌返すから頑張って
6494.434,ドイツも接戦やな
6495.83,逆転ドイツ
6502.475,吉田いいぞ
6502.475,三笘大会終わったら、一流クラブからめっちゃオファー来そう
6504.615,かったとしても日本調子のるからな
6506.628,逆転ドイツ🇩🇪
6509.752,浅野、ジャガーポーズしながら前半プレスにいかんかい!
6509.791,途中出場で守備サボりはなしで！
6510.125,次はコスタリカサポーターガチギレで草w w
6510.736,スペインはサポーターが暴徒化するな
6512.533,ドイツ逆点
6512.853,魔術師　三苫
6518.252,やばい観れない、、
6521.854,あぶねー
6524.377,怖い……
6524.938,こえーあぶねー
6526.059,いつ入ってもおかしない
6529.207,ドイツやるやん
6530.731,ふぅ～…
6532.576,ドイツが勝つ分はスペインにとって安パイ
6532.88,あぶあぶない
6534.282,今のコースは怖すぎるわ
6538.86,あと5分とちょっと？！
6540.609,今みたいなところで、浅野走れよ
6542.47,ドイツ負けられんわな。
6546.129,普通に人いたら入るぞあれ
6547.003,コスタリカ……
6547.862,調子乗っていいだろ、ドイツとスペインやぞ笑
6548.335,たのむ日本:folded_hands:！
6552.072,2点差にしないでくれ　コスタリカ
6560.624,浅野が慢心してプレス行かねえんだよ。
6560.729,三笘ナイス
6562.208,あと五分
6566.461,浅野、守備の立ち位置からお勉強してくれ
6566.462,魔術師　三苫
6568.538,１分が長いよ
6570.713,三笘の嫁めっちゃ喜んでるやろ笑笑
6572.85,遠藤きた
6574.645,怠惰　浅野
6575.674,お？
6577.467,追いつかれたらどーなるんだ？
6577.467,えんどう！？？？？？？？
6577.621,アディショナルタイム5分くらいありそう
6578.326,エンドゥ
6580.627,ディフェンスしんどいぞこれは。
6582.985,三苫やばっ！やったーー！遠藤！勝てるよー
6584.295,遠藤？
6586.605,あれだけ終わりだよと呟いてたおまいらがここまで一つになるとはな
6589.637,遠藤、大丈夫なんか？
6590.776,二勝なら通過確定だろ
6592.609,日本日本日本日本日本
6594.118,このまま３VS2で終わり　日本が同点に追いつかれても進出
6595.35,勝った！
6595.861,たなか？
6598.718,あと10分切ったかな？イケイケー！
6599.383,エンdo
6599.525,エンドゥとアンドゥ
6599.918,田中イケメンすぎやろ
6604.828,えんどぅ？
6604.881,たのむ日本！
6608.257,遠藤の安心感
6610.537,スペイン負けてもドイツ勝てばスペイン通過やから、スペイン大人しくしとこや
6611.013,ドイツ4点目はやめて
6613.491,10分しかボール持ってないのに勝てるとか日本ミラクルすぎんだろｗ
6613.756,:unamused_face:
6616.062,吉田のポカ待ち
6616.243,「尻上がりジャパン」
6617.952,怪我に影響なきゃいいけど
6618.095,日本逆転したらアンチいなくなっとるやん
6621.189,田中下げて守りにさせるって感じかな
6624.084,怪我大丈夫なんか？
6625.973,代わった人はサボるなよ
6629.225,やばいドキドキするーーー
6633.522,田中お疲れ様ー！
6634.881,田中よかったな
6635.48,勝つなら後１点入れろ
6639.815,くるぞ
6647.394,決勝トーナメント相手どこになるか知ってる？
6647.394,はっっっや
6649.445,三苫はやいww
6649.445,堂安サポ池
6649.446,三苫すげーな
6651.14,足速い
6651.488,三苫速すぎやろ……
6652.442,ドーハの神様　日本でしょうか～？
6652.787,あと1点取れれば勝てる
6658.178,おしー
6661.112,取れんだろうけど
6661.346,ゴメン。マジ吐きそうなくらい胃が痛い＾＾；
6664.26,スペインの７点はでかいな・・
6664.292,あれだけ守備してて
6673.204,まぁもう守りに入ってるからな 
6674.495,引き分け駄目なのか
6675.517,取られたらやばい
6676.241,よしよし
6677.06,動くなー流石
6678.471,吉田いい
6680.177,三苫っっっっっw
6685.972,負けて得するのズルいな
6689.947,モロッコかクロアチアじゃなかったっけ？
6691.532,引き分けダメやん
6700.58,強化というより、人の入れ替え。守備は
6701.021,ドイツ4点目？
6711.183,浅野！！！！！！！！！！！！走れや！！！！！！！！！！！！！！！！
6715.97,こめー
6717.109,これ勝ったらブラジルと当たる可能性あるってニュースで見た
6720.038,モロッコってえちえち
6720.806,ブロックブロック
6722.102,攻めな
6724.447,たのむ日本日本日本
6724.991,プレス
6725.128,日本引き分けたらドイツなの？
6727.926,ドイツ3
6727.929,日本は勝つしかないの？
6728.213,コスタリカサポーターガチギレで草w w
6732.53,浅野奪い行かんかいアホ！
6732.84,ドキドキする
6733.327,どこと当たっても同じだって
6738.398,あぶねー
6739.864,あっぶな
6739.949,あぶねぇwww
6740.192,うわぁ
6740.437,あっぶね！
6740.582,あぶ
6740.672,あぶねぇ！！
6741.403,あぶねー
6742.04,ドイツ4点目？オフサイド・・
6742.074,中空けんなって
6742.879,神風が流れてる
6745.963,あぶな笑笑
6746.543,おお…
6748.154,しっかりクリアせい
6749.471,こわー
6749.659,あぶね
6754.141,ドイツ、スペインに勝ったら日本このグループで一番強いやん
6754.961,耐えてくれ日本！
6755.642,相手もリスク承知の攻め方してきたな
6755.758,ないすごんだ！！！
6756.121,あぶねぇ！！！！
6756.526,あぶね・・・・
6756.696,おおー
6757.451,ナイス
6758.348,ナイキー！！！！
6758.743,ナイスセーブ
6758.833,権田:double_exclamation_mark:
6759.205,ないすすぎる！
6759.43,ナイスキー
6759.523,あぶねーーー
6759.803,やべーー！！！！
6759.907,ないすぅぅぅぅぅぅぅっぁぁぁぁぁぁぁぁぁああぁあもぁぁ
6759.935,あぶねーーー
6759.974,危ない
6760.302,権田ナイス
6762.076,1番やばいwww
6762.848,権田〜
6762.965,いいねー！！
6763.011,権田ナイス
6763.562,すげー
6766.018,こえええええ
6766.108,権田ナイス
6766.514,日本頑張れ
6767.85,終わったと思った
6769.704,浅野はディフェンス殺しか！
6770.03,え、44分？！
6771.741,やべー
6772.111,右サイドで左利きなんだから、中切れって
6772.598,いや、一番運がいいのよ(笑)
6772.66,浅野
6772.937,ごんだァァァァ
6774.302,権田止め続けろ
6774.828,吉田のラストパスで同点だ
6774.828,ゴイゴイスー
6775.078,あぶね～～～
6775.344,あぶね～～～
6776.995,ないす！！
6777.297,権田ナイス　すごすぎ
6777.371,俺達の権田ナイス！
6778.536,目がやバイ笑
6780.211,あっぶねえええ
6780.296,全部蹴り出せ
6780.359,いえー！！！
6783.659,今勝ってるの⁇
6785.1,またサポいない
6789.8,アンチ生きてますか？？
6790.236,やばいやばいドキドキするわ
6790.262,立ち位置まちがってるよー
6790.594,俺達の権田や！
6790.599,アディショナルタイム何分だろ
6791.145,後、何分だ？
6791.146,よし 追加点ねらえー
6792.87,権田キマッてたな笑笑
6793.625,ないすー
6794.11,権田っっっっw
6797.797,ロスタイム何分なんや
6798.228,浅野変えて、前田2号を投入してくれ
6799.874,引き分けたらドイツ？
6800.904,よし
6806.217,ドイツ4点目　オフサイド？検証中
6806.217,吉田ナイスクリアじゃん！
6809.748,10番　ガンガン来るな
6812.436,ドイツ追加点
6814.189,最後の1分でこれヤバ過ぎる
6819.975,スペインからしたら負けてもいいんだけどな
6819.976,相手陣でキープ
6820.442,アンチ大丈夫？
6821.266,7
6823.004,なっが笑
6824.325,ドイツ4点目！！！！
6824.327,ナイス吉田！
6824.327,ながｗｗ
6824.527,７分
6824.775,7分かー
6824.874,長いわ！
6825.287,7分かー
6825.787,7分て
6827.141,7分か
6827.141,7分！？
6827.512,アディショナルタイム7分！？
6827.671,7かーー
6827.696,7分:red_exclamation_mark:
6829.842,７分ならいける
6830.269,浅野スピードは飾りか！追い回せや！
6830.552,7分
6832.498,ながい
6832.894,7分か・・・
6833.205,ロスタイム２分ぐらいかな？
6834.57,ドーハの悲劇
6835.346,長すぎだろ
6837.511,７分！ながい！
6838.889,なっが
6838.948,なが
6839.313,なげぇwww
6839.457,きも
6840.257,頑張れ
6840.366,苦しいな〜
6841.718,なげーて笑笑
6841.959,7分って今回の相場だよな
6842.429,10番は左、頭入ってますか
6843.314,7も耐えられんで
6843.502,7分ながい
6844.171,なげぇな…
6844.741,7分！
6844.797,ドイツーーーー
6846.315,俺達の権田ナイスや！
6847.009,4点目確定
6848.08,7分はおかしいだろ
6849.832,ドイツ戦と同じやんかwww
6851.029,またか7分かよ
6851.242,長いな~
6851.437,吉田怪我してたおれこめ
6851.438,神様たのむたのむたのむ
6855.189,ドイツ戦も7分やったよね笑
6855.448,まあ負けることはない
6855.487,サボんな！サボんな！
6856.146,全員、ゴール前に並んで壁をつくれ
6857.76,４＊２
6857.76,やらかしそー
6857.95,日本行ける行ける!!
6858.665,7分！？
6859.905,浅野！！！！！！！！！！！！！！！！！走れ！！！！！！！！！！！！！！！！！！！！！！！！！！！！！！！！！！！！！！！！！！！！！！！
6861.888,あと6
6864.678,みんなネイマールになれ
6864.795,7分！？
6871.426,ドイツ追加点
6874.084,前もおなじことｗｗｗｗ
6879.536,ないす
6881.654,時間稼ぎーーー
6883.212,あぶねぇ パスミスか
6883.376,権田ありがとう:loudly_crying_face:
6883.824,よし！！
6884.828,これ失点したら負けるな・・・
6885.188,アディショナルタイムってどう計算してるの
6886.735,俺達の権田:double_exclamation_mark:
6887.118,本田おもろいw
6893.611,ドイツ4点目！
6893.662,誰か足をつれ
6894.749,真ん中、空いてたら通してくるよーーー もっと寄せて
6895.42,ドイツ・・
6895.683,コスタリカ戦は1分やったのにな
6895.779,ドイツ4点目
6896.17,ドイツ4点目
6898.344,誰か浅野に言ってやれ！前から追えって！
6898.386,よしよしよしよしよしよし
6899.593,もう同点じゃグループリーグ突破できない
6900.53,これ一点でも入れられたら終わり
6902.212,日本サポの声もおおきなったな
6902.213,勝つしかない
6904.938,ドイツが
6905.831,スペイン協力しよう
6909.497,日本勝ってると長い
6913.004,1分が長すぎー
6914.083,やっぱ日本らしいにならん事を祈る
6915.095,4-2やな これで勝つしかなくなった
6917.975,ドイツ４点？
6919.1,スペインに教えろ
6919.101,よしよしよし
6919.815,キーパー、川島じゃなくてよかった！w
6921.517,あぶねええええ
6923.141,せめるなよ
6925.212,あと5分や
6925.235,あと5分
6925.237,ドイツ覚醒すんなよ
6925.694,ほお、綺麗な
6926.088,ばかだな、日本は負ける言われたほうが勝つから日本応援しなかったんだろ
6926.37,あと５分！
6927.414,あと約5分
6932.254,攻めたいけどきつい
6933.647,スペイン協力しろ
6937.342,なげーーなおい
6937.959,攻めるなと教えろ
6938.106,たのむたのむたのむ
6938.189,残り2分が怖い・・・
6938.877,さてあと5分
6939.912,川島なら5点入っとる
6941.253,勝つならキッパリと勝てや日本
6944.612,勝ったら選手の年俸上がるでー！！
6946.837,たのむたのむたのむたのむたのむ
6946.99,おしいおしい
6947.441,5分
6947.847,ドイツ，エジルおらんのに強いのなんやねん
6948.681,ドイツ勝ってるの
6950.466,三苫バグってんな
6953.75,川島なら5-2よ
6954.923,日本とスペイン、お互いに負けられなくなった
6956.555,せめてせめて
6956.841,三苫頼む　もう一度
6957.223,いけぇぇぇぇえぇぇぇぇぇぇぇ
6957.426,いいよ、ミスったけどトライしていい、三苫は
6959.206,さっき寝るとか言ってたやつ可哀想w
6962.344,三笘有能すぎ
6962.361,攻めないと勝てんて
6962.848,ドイツを進出させるために頑張るスペインという構図w
6964.622,キーパー2人にしろ
6969.759,頼む頼む頼む頼む頼む頼む頼む頼む頼む頼む頼む頼む頼む頼む頼む頼む頼む頼む
6970.236,三苫の安心感
6975.639,コスタリカ10分
6980.062,まだわからん
6981.143,ここで浅野走れよ！！！！！！！！！！
6983.032,浅野、点はいいから、プレスにいってくれ
6983.75,スペインなんで攻めてくるの？2位以上確定なんだからいいやん
6984.445,安心三苫
6984.852,あと少し、頼むぞ
6987.543,勝ちゃあいいって気持ちでやるって言ってたやん！まじいけるよ日本！
6990.676,守備、横の移動にぶいよ
6991.523,三笘嫁さんおるからな
6996.472,よしよし
6996.53,あと4分
6997.076,4
6997.202,ふぅ～
6999.672,でもまだリュディガーみたいな
7001.024,あと4分！！！！
7001.599,よしよしよし
7002.364,逆転やん
7002.449,スライド早く
7003.88,むしろモロッコとやれるんだから馬鹿だろスペイン
7006.023,4分
7007.626,よしよし 時間稼いでいけー
7008.176,今起きた。勝ってるの？
7011.118,長いーー
7015.588,あと4分
7016.221,今何対何ですか？
7017.47,勝っとるぞ
7021.923,ラインを間違えるな　鈍い
7022.301,勝ってるでー
7024.673,はしれ！
7025.742,スペインなんで攻めてくるの？アホでしょ
7026.041,勝ってる勝ってる！
7026.064,キープしろよ
7029.574,浅野が全然追わねえから味方守備陣がしんどいわ！
7032.972,浅野足遅いw
7033.024,4：２
7035.402,ドイツ
7036.722,川島なら5-2
7038.677,森田疲れてるな
7038.767,あと3分！！
7039.085,キーパーのとこまで追えよー
7042.135,たのむたのむたのむ
7043.174,あと、３分！
7043.239,おわった？
7046.889,さすがにスペインには聞かされてないんかな？
7048.628,スペイン顔まっかやで！
7051.285,なんか怖いな
7051.806,あと3分
7058.255,スペイン2位以上確定なんだからボール回しして遊べよ
7058.655,3分
7059.107,浅野ジョグすんな、ちゃんと役割あるんだぞ
7059.454,これはラッキー
7064.196,トーナメント行ってもキツイけどぬ
7065.001,このグループ1番盛り上がってるな
7069.13,たのむたのむたのむ
7070.624,ナイスナイス
7070.649,スペインパスミス　あぶね・
7070.991,浅野もっといけやw
7071.284,良いクリア
7071.428,耐えろ耐えろ耐えろ耐えろ耐えろ
7075.893,スペイン頭悪　2位じゃダメなの？
7078.879,4-2？勝ち確やん
7079.24,もう一点決めろや！！！
7079.429,いいわぁ
7080.435,怖い…
7080.669,まじで日本まったくボールもってねぇｗ
7080.78,あと2分たのむ
7081.683,あと2分たえろ
7082.054,死のグループ疲れる
7085.004,まぁあとスペイン勝って終わりたいやろうし
7085.79,権田がナイスすぎる
7088.066,残り２分
7090.763,森保「クリアの練習が効いてる効いてる」
7092.441,たのむたのむたのむ
7092.715,ブラジル戦
7093.903,ナイスクリア
7096.336,誰かスペインに伝え早く
7098.086,2分！
7098.148,2位通過の方が100%いい
7098.681,対空時間めっちゃ長いやつ蹴れ
7101.202,あと2分
7101.427,あと2分！
7101.467,アディショナル長えそんなに試合止まってたんか
7102.649,あと2分！
7103.495,あと２分！
7106.777,2
7107.137,逃走中と一緒やー！！！
7107.192,浅野止まってる
7108.817,あと2分
7109.192,煩い:high_voltage::ear::high_voltage:
7110.84,2
7115.559,耐えろ
7116.989,クリアの練習の成果でてるな
7118.271,久保なら話せるだろ
7119.274,2位のほうがいいな
7120.154,浅野マジでいらんは
7124.025,あと２分
7125.774,耐えろー
7125.938,４　見るな　動け
7128.062,勝てよ
7128.986,怖い怖い
7129.783,ATフィールド全開や！
7130.842,技術ではどうかわからんが日本の根性勝ちやな
7134.635,久保スペイン語で伝えろ
7137.013,久保スペインの監督にスペイン語で2位確定伝えろや
7138.199,よしよしよしよしよしよしよしよしよしよしよしよし
7139.237,ゴールキックや
7139.352,耐えて耐えて
7139.352,ラッキー　
7139.787,耐えろー！！
7141.253,浅野はしれーーーー
7141.386,よっしゃあ
7142.909,あぶなー
7146.162,あと1分半！
7146.77,時間を稼げーー
7147.02,のばせのばせ
7147.132,勝ったな
7148.377,ATフィールド全開で
7152.43,どきどき
7153.786,久保仕事しろ
7155.311,あと1分やぞ
7155.372,後1分
7156.6,あと1分！！
7156.918,このままがんばれー
7157.336,今何対何ですか
7158.15,時間稼げよー
7158.975,あと1分やあああああああああああああ
7161.435,いっけええ強豪にはなぜか強気のまぐれジャパン！
7163.077,あと1分！
7164.038,あと１分！！！！
7164.401,あと1分！
7164.719,あと1
7165.986,あと1分頑張れ！
7167.1,後1分！！！！！
7167.415,スペインで暴動
7167.608,あと1分
7169.099,ドイツとスペインで談合すんなよ
7169.311,そろそろネイマールやろーか
7169.826,ないす
7170.79,あと1分！
7171.06,２対１
7172.122,1ぷん！
7172.258,1分やぁぁぁぁ
7172.258,たえて
7172.348,スペインもわかってるはずだ
7172.489,あと1.2プレイだ、耐えてくれ
7172.858,いける！！！！！
7173.121,1分稼げぇぇぇぇぇぇぇぇぇぇぇ
7177.139,おれ最初アンチだったけど、日本ヤれると信じてたよ！
7178.389,あと1分！
7178.768,あと1分
7179.005,みんな喜ぶ用意!!!!
7179.445,ブラボーくるで
7179.651,倒れる人きめてー
7180.83,時間稼ぎしろ！！！
7180.951,キープしろや
7181.85,ポイチどこ行くねん
7185.036,よしよし
7185.266,あと2分だもう勝てる
7185.843,おし　買った
7186.054,いけるいける！！！！！！
7186.388,いいぞ
7188.453,ないす
7189.563,吹けてねえwww
7190.331,権田おきあがるな
7191.462,いい判断や
7191.843,あと30秒！！
7192.152,権田稼げ稼げ
7192.288,15対9
7192.467,ないすこけ
7192.988,あと少しや
7193.27,守備の統一！
7193.975,よし寝る
7194.047,キープキープ
7194.05,遠くまで蹴れ！
7195.725,あと30秒！！ー！！！
7196.887,ドイツスペインに金払ってる説
7197.316,よしよし
7197.604,ブラボーブラボーブラボー
7198.288,もう30秒やで
7198.739,おめでとう
7201.199,決まったろコレ！
7202.98,ナイス
7205.047,勝ちました
7205.233,バカ　何処蹴ってる
7205.642,行けるぞ日本
7206.009,勝てる
7206.49,がんばれー
7208.505,まだ分からんよ
7211.279,ウエーイ
7213.604,10秒！
7213.907,おおおおおおおお
7216.022,お
7217.942,九
7218.086,10秒！
7219.25,5
7220.786,モリヤス足つったふりしろ
7221.25,八
7221.791,まだあるから
7222.373,🇯🇵🇯🇵🇯🇵🇯🇵🇯🇵日本日本日本日本日本日本日本日本日本日本日本やったああああああああああああああああ:red_exclamation_mark::red_exclamation_mark::red_exclamation_mark::red_exclamation_mark::red_exclamation_mark::red_exclamation_mark::red_exclamation_mark::red_exclamation_mark::red_exclamation_mark::red_exclamation_mark::red_exclamation_mark::red_exclamation_mark::red_exclamation_mark::red_exclamation_mark::red_exclamation_mark::red_exclamation_mark::red_exclamation_mark::red_exclamation_mark::red_exclamation_mark::red_exclamation_mark::red_exclamation_mark::red_exclamation_mark::red_exclamation_mark::red_exclamation_mark::red_exclamation_mark:
7225.874,きたぁぁぁぁぁぁぁ！！！
7226.703,やったー　勝った～！！
7227.006,2点目のゴール ぎり出てたね
7227.848,よしゃーーーー！
7228.088,うおおおおぉ
7228.144,きた
7228.254,もりあがったなー
7228.27,おめでとう！
7228.323,おおーー？ー！！！
7228.475,勝った！！
7228.951,おめ
7229.21,速報【優勝しました】
7229.293,勝つ
7229.338,うおおおおおおおお
7229.483,:trophy-yellow-smiling::trophy-yellow-smiling::trophy-yellow-smiling::trophy-yellow-smiling:
7229.578,買った
7229.949,いえー！！！
7229.986,ドイツ悔しいのう悔しいのう
7230.936,勝ったあ
7232.03,きーーーーーたーーー
7232.03,ああああああああああ！！！！！！！！
7232.19,しゃああああ！！
7232.384,勝ったー！！！！
7233.065,きたぁぁぁ！！！！！！！
7233.288,スペインアホやろ
7234.301,おめでとう
7234.419,きたー
7234.844,やったー
7234.942,カッターーーーー
7235.088,うおおおお
7235.123,きたーーー
7235.465,なう(2022/12/02 05:53:37)
7236.08,あああああああaああああああああああしおおおおおお
7236.622,さいこーやぁ
7236.69,みんな喜ぼうよ！
7236.703,1プレーが怖い
7236.763,買った～
7236.938,勝ったあああああああ！！！！！
7237.363,すげええええええええ
7238.65,勝ったのか
7238.744,なにいいいいいいいいい
7238.792,まじで負けると思ってたよｗミラクルすぎんだろ
7238.915,勝った！！
7239.515,まじえぐい
7239.81,ｷﾀ━━━(ﾟ∀ﾟ)━━━!!!!
7240.217,:party_popper:
7240.946,やった！あーよかった〜
7241.272,きたぁぁあ
7241.391,おめでとーーーーーーー
7243.23,ナイスゥ
7243.508,えぐいてーー！！！！！！！！
7243.747,アンチも喜べよ
7244.142,守備で勝った
7244.349,アンチ生きとる？？
7244.517,おおおおおおおおおおおおおおおーーーーーーーーいけーーーーーーーーーーーーー
7244.658,きたぁ
7245.41,おめでとう！！！
7245.798,きたあぁ
7247.072,おめでとー
7248.539,ドイツw
7248.767,きたー
7249.347,速報【優勝しました】
7250.795,勝ったあああ
7251.023,すごい！
7251.458,おめでとう！！！！！
7251.939,きたあーーー！！！
7252.277,アンチ生きとる？？？
7252.548,よっしゃああああああああああ
7252.984,勝ったろ！
7253.965,うおおお
7256.316,勝ったあああああ
7257.875,速報【優勝しました】
7257.875,勝ったー！
7258.302,:clapping_hands:
7258.575,負ける思ってた
7259.695,アンチー？
7260.425,やったーー！
7260.426,:hand-orange-covering-eyes::hand-orange-covering-eyes::hand-orange-covering-eyes:
7260.527,ないすー
7260.706,スペインが一番喜んでる
7260.965,一対二で勝ったァァ
7261.111,ドイツ激おこ
7261.48,えぐい
7263.272,おめでとう
7263.619,エグえぐい
7263.689,うおおおおお
7263.811,アンチ？？
7263.831,んおおおお！
7264.888,すげぇぇぇぇぇぇ！！！！！！！
7266.675,スペインなにやってんだよ
7266.929,かったぞーーーーーーーーーーーーーーーーーーーーーーー
7267.04,朝からいい気分やわ
7269.366,すみませんでした
7270.672,おーい？アンチー？
7272.127,2点目のゴールは外に出てたやん
7272.345,よっしゃああぁぁぁあぁぁぁぁあぁぁぁぁあぁああ
7274.047,おめでとう
7274.708,やったー！
7275.675,ドイツドンマイ
7276.213,よいしょーーーー！
7276.974,正直負けると思ってたわw
7278.291,うれしいいい
7278.388,次クロアチアw
7278.702,うおおおおおおおおおおおおおおおおおおおおお
7278.729,おめでとーーーー！！
7279.17,夢やぞ、はよ起きろ
7279.301,スペインずるい
7279.409,スペイングループリーグ敗退ww
7279.786,やったぁー！
7280.227,すげー
7280.378,速報【優勝しました】
7281.524,🇨🇷に負けたのが惜しかった
7282.562,すっげー
7283.879,あああああああ
7283.898,よっしゃーーー
7283.996,アンチ？生きとる？
7284.256,おめでとう
7284.745,スペインダッサ
7284.755,これで今日のテストは満点取れそう
7284.802,アンチ息してる?ー
7285.032,浅野おったんか
7285.117,手のひらを返します。
7285.471,よっしゃぁぁぁぁぁぁー！！！！
7285.922,勝ったの
7287.746,ありがとうおめでとう
7288.617,おめでとう
7292.378,祝日にしてくれーーーーー
7292.541,ドイツは？？？？
7294.447,前半死んだふり作戦
7294.547,スペインダッサ
7294.557,:trophy-yellow-smiling::trophy-yellow-smiling::trophy-yellow-smiling:
7296.305,22番、役立たずのくせに喜ぶな
7296.716,きたたたたたた
7298.194,🇨🇷に負けたのが惜しかった
7298.702,わーい:raising_hands:
7298.845,まさか勝つとは
7299.847,スペインダッサ
7300.507,クロアチア！！？？
7301.395,日本優勝:trophy:日本優勝:trophy:日本優勝:trophy:日本優勝:trophy:日本優勝:trophy:日本優勝:trophy:日本優勝:trophy:日本優勝:trophy:日本優勝:trophy:日本優勝:trophy:日本優勝:trophy:日本優勝:trophy:日本優勝:trophy:日本優勝:trophy:日本優勝:trophy:日本優勝:trophy:日本優勝:trophy:
7301.542,ほんまにえぐい
7301.764,俺達の大日本帝国や
7302.183,「尻上がりジャパン」
7302.769,やったぜ！！
7303.322,:party_popper:
7304.002,日本優勝:trophy:日本優勝:trophy:日本優勝:trophy:日本優勝:trophy:日本優勝:trophy:日本優勝:trophy:日本優勝:trophy:日本優勝:trophy:日本優勝:trophy:日本優勝:trophy:日本優勝:trophy:日本優勝:trophy:日本優勝:trophy:日本優勝:trophy:日本優勝:trophy:日本優勝:trophy:日本優勝:trophy:
7304.002,おめでとう
7304.691,やったぜ
7306.225,おめでとうありがとう
7306.226,スペインダッサ
7308.066,個ではなく集団で勝った試合
7309.131,スペインださとか言っていきんなーwww
7309.826,コスタリカに負けてドイツとスペインに勝った国
7310.431,（т-т）！あぁぁ！はぁぁぁぁぁぁぁぁぁぁぁぁぁぁぁぁが
7310.555,上から見てラインににかかってればいいんだよにわか
7311.177,ゴール見えたの一つなのに二点もいれた
7313.242,俺達の大日本帝国万歳:double_exclamation_mark:
7313.735,スペインダッサ
7316.207,夢やぞ、はよ起きろ
7316.394,すごい
7317.215,なんで勝ったのに批判すんねん
7317.53,Twitterで2点目のゴール出てるやつ投稿されてるから見てみ
7318.288,お疲れ様ーー！！！！！
7320.645,やっぱ堂安やな
7320.646,かっこよくないよー
7320.646,やば！！！！wwww
7323.076,スペインダッサ
7323.267,ドイツは勝ったけど、敗退になった
7324.211,おかしいやろ
7324.331,やべぇ後半しか見てなかった。
7324.972,コスタリカw
7325.144,スペイン（作戦通り）
7326.259,:trophy::trophy::trophy::trophy::trophy::trophy::trophy::trophy::trophy::trophy::trophy::trophy::trophy::trophy::double_exclamation_mark:
7328.309,前半
7328.805,これは夢や
7329.994,前田すごかったな
7330.489,格上には強いーーー
7331.385,そういえばなぜコスタリカに負けたのか
7333.247,2位は無理だったからクロアチアに勝つしかかい
7333.548,かっこよかったわ
7333.649,スペインダッサ
7334.259,これが勝負の世界よ。何があるかわからないから面白い。
7335.127,祝日:crossed_flags:祝日:crossed_flags:祝日:crossed_flags:
7335.905,おこしてくれ
7336.067,はっ夢か( ´･ω⊂ヽ゛
7336.377,でも正直いうと、疑惑の1得点だったよねw
7337.323,勝ってても負けてても丁寧だから、唯一よわいところが出たね
7337.707,まじかー
7339.226,１位！？？？！？る！
7339.8,前半からのこれはミラクルすぎるｗ
7339.962,泣くの早すぎww
7340.465,日本人としてゴミで草
7341.707,スペインダッサ
7342.465,権田ありがとうやな
7344.389,寝て起きたら勝ってた
7345.18,速報【優勝しました】
7346.574,スペインはかっこいいだろう
7347.86,まぁ初戦敗退やなw
7348.185,スペインバカだな
7350.582,スペインダッサ
7351.34,よし！
7353.433,夢やぞ、はよ起きろ
7354.754,いや優勝は無理よw
7354.891,やばいやばいやばいやばいやばいやばいやばいやばいやばいやばいやばいやばいやばいやばいやばいやばいやばいやばいやばいやばい:red_exclamation_mark::red_exclamation_mark::red_exclamation_mark::red_exclamation_mark::red_exclamation_mark:日本勝ったああああああああ:red_exclamation_mark::red_exclamation_mark::red_exclamation_mark::red_exclamation_mark::red_exclamation_mark::red_exclamation_mark::red_exclamation_mark::red_exclamation_mark:
7355.658,今日はるんるんに学校いける
7355.673,手の震えが止まらん
7357.769,コスタリカ戦で日本代表ディスってた連中息してる？
7357.818,日本NO1
7357.977,歴史上初勝利だって
7360.442,スペインダッサ
7361.019,まだまだこれから次のも頑張って
7361.455,スペインつよかった　
7362.474,俺達の大日本帝国万歳:double_exclamation_mark:
7363.563,権田有難う
7365.62,三笘様
7368.278,スペイン怒られてて、、
7368.796,コスタリカ戦で日本代表ディスってた連中息してる？
7370.175,スペイン2位おめでとう
7370.313,スペインダッサ
7371.958,号外きたーーー！！！
7372.641,アンチ？？
7378.466,信じられない:red_exclamation_mark:
7378.488,浅野は慢心するな、ほんと
7380.128,スペインよっわ
7380.828,えぐすぎ
7380.959,なんてひだ
7382.067,スペインアンチに変わります
7382.573,今日は、やったぜ
7383.139,ぽいちさん
7383.406,アンチ生きてますか？
7383.406,前半ひどすぎる
7384.086,スペイン攻めなくても2位なのにバカだったわ
7385.288,世間はまた
7385.874,ポイチ、ガンギマリやん
7387.077,スペインよっわ
7387.387,日本初戦敗退:rolling_on_the_floor_laughing::rolling_on_the_floor_laughing::rolling_on_the_floor_laughing::rolling_on_the_floor_laughing::rolling_on_the_floor_laughing::rolling_on_the_floor_laughing::rolling_on_the_floor_laughing:
7389.16,堂安ヒーローやね
7389.208,前田さんありがとう
7390.443,いや、コスタリカ戦は酷かったのは事実、、
7392.457,森保笑笑
7392.457,ドーハの神風
7392.473,森保好きや
7392.8,ジャイアントキラー専門
7393.286,コスタリカ戦で日本代表ディスってた連中息してる？
7393.406,スペインよ
7394.634,スペインに勝ったぞ:red_exclamation_mark::red_exclamation_mark::red_exclamation_mark::red_exclamation_mark::red_exclamation_mark::red_exclamation_mark::red_exclamation_mark::red_exclamation_mark::red_exclamation_mark::red_exclamation_mark:
7394.635,今日祝日ですよね！:crossed_flags:
7396.361,逆転粘り勝ちアツすぎ
7396.614,スペインよっわ
7397.261,スペインダサくはないやろ
7397.999,二列目行ったの後半から
7398.411,えぐすぎぃ
7399.026,日本おめでとう～♪:virtualhug:
7401.49,あんち？？？？？？？？？？？？？？？？？？？？？？？？？？
7404.016,スペインよっわ
7404.758,強いチームの方が勝てるということが分かったからブラジル戦大丈夫
7405.436,ポイチぎんぎんや
7405.562,コスタリカ７点決めてたスペインに勝つとは
7408.438,森保泣いてる
7408.535,森保調子のるなよ
7410.218,速報 アンチの再来
7410.274,ドイツ　スペインに激怒
7411.389,マジかよー日本ナイス！
7411.719,前田のおかげだと思う
7412.293,ドイツ・スペイン<日本<コスタリカ
7412.942,いや、ホント前半なんだったんだ…
7414.512,まあ確かにコスタリカ戦は酷かった
7414.597,史上最高のマグレJAPAN
7414.888,これで世間はまた掌返し
7414.917,おめでとう:red_exclamation_mark::red_exclamation_mark:日本:map_of_japan:🇯🇵
7415.118,スペイン撃破
7415.895,素人に森保の良さはわからない
7418.502,無敵艦隊を破るとは…すごすぎる
7418.582,あんち？？？？？？？？？？？？？？？
7419.57,本当えぐい
7420.679,スペインよっわ！日本に負けるか
7421.45,日本代表バカにしてたやつ息してますかー？
7424.79,本当に熱い試合。後半熱すぎた！
7424.831,堂安こそ最強のサブ
7426.438,しゃああああああああさあああああああああああさああああ
7428.976,スペインの悪口言うてるやつくたばれw
7431.278,アンチ？？？？？？？？？？？？？？？
7431.808,前田と権田が良すぎた
7432.888,このままベストエイト
7434.034,これが我らの母国日本！大和魂！！！
7434.597,大日本帝国万歳:double_exclamation_mark:
7435.9,スペイン2位ねらいだろ
7436.27,アンチざまあああああああああああ
7436.287,堂安三苫が刺さったな
7436.357,さくらさくら通報しようぜ
7437.828,ここまで来て日本disるやついるの草
7438.396,今日は、畑のバイトや
7440.267,コスタリカ戦で森保監督と日本代表ディスってた連中息してる？
7440.579,ウイイレでは勝てない
7440.849,神風きたわ
7442.057,堂安やばい
7442.613,森保「メモの魔力」読んでて良かった
7445.023,森保泣いてるやん
7445.07,なにが無敵艦隊だよ
7446.121,今度スペインの批判か。ひどいな。
7447.019,速報【優勝しました】
7448.574,普通に快挙だろこれは。おめでとう:party_popper:
7449.345,監督テンションあがってんな
7449.61,調子乗りすぎw
7451.764,ガチでえぐい
7452.606,監督アホそう
7453.647,スペインよっわ
7454.003,堂安バカにしてた奴？頭大丈夫？？
7454.18,スペインではVAR判定が延々と議論されそうだなｗ
7455.588,久保＜堂安だった
7455.82,日本負けるゆうたやつ乙！
7458.656,まじで勝てると思わんかったわ
7458.787,ドイツとスペイン負かしたのエグすぎだろ
7460.839,すげーわ
7460.844,スペインよっわダッサ
7461.079,コスタリカ戦で森保監督と日本代表ディスってた連中息してる？
7465.082,ワールドカップはマジで怖いよ
7465.299,浮かれて次負けそう
7466.121,日本アンチ手のひら返しててくさ
7469.804,夢か？:red_question_mark::red_question_mark::red_question_mark::red_question_mark:
7472.017,お互い頑張ったでダメなのかな。
7472.622,批判したアンチはふて寝しました。
7474.419,アンチ消えてて草
7474.444,いやーいい試合だった
7475.129,1通過
7476.282,日本初戦敗退:face_with_tears_of_joy::face_with_tears_of_joy::face_with_tears_of_joy::face_with_tears_of_joy:
7479.392,まぢで買ったぞ
7481.018,優勝候補　日本
7481.074,スペインは2位ねらいだから
7481.908,はい夢です
7482.459,ドイツとスペインに勝って1位通過はエグい
7482.459,やば
7483.548,さくらさくら息してる？
7485.146,10
7485.148,終わったら寝ようと思ってたけど興奮で寝れられない
7486.969,大日本帝国
7487.57,日本アンチは帰って、邪魔やから
7488.446,スペインに５万いれてた
7488.852,スペインに勝ったぞ日本！
7488.957,1位通過はえぐいわ
7491.283,ラスト7分が20分くらいに感じたわ
7494.921,かったぁぁぉぁぁぁ！
7495.191,とんでもねえ
7497.631,日本は優勝します:trophy:
7497.74,えぐいわ
7498.426,コスタリカ戦で森保監督と日本代表ディスってた連中息してる？
7499.113,アンチ可哀想にw可哀想にw
7501.579,堂安が強すぎた
7503.313,信じられないよ
7503.313,りっちゃんきたああああああ
7503.885,日本アンチ帰って、邪魔だから
7505.491,心境が複雑
7506.058,おれアンチだったけど、実は日本はヤれると信じてたよ！
7509.427,というか何故コスタリカに負けた
7510.172,日本国民寝不足やなこれは
7510.583,アンチさよなら！
7513.77,まーた俄共が手のひら返しするよ
7514.286,日本2点目のやつ外に出てたけどwww良かったねーゴール認められて
7514.532,今きたけど勝ったのね！
7514.853,スペイン弱とかゆってるやつ自分で戦かってみろや
7515.26,おめでとう！今から飲みに行きます！
7515.912,神風！
7516.66,qp、
7517.428,邪魔なのお前な
7517.851,コスタリカ戦のターンオーバーはこのシナリオのため？
7518.521,どうあんありがとー
7519.732,かっけえ
7520.901,さくらさくら消えた
7522.685,おめでとう!
7523.298,アンチはよ寝ろ
7525.117,祝日確定？
7526.015,１本目はすごかったよな
7526.238,スコアまで当てた俺、スゲー
7526.435,まじで、日本ナイス！！！ら
7527.384,なるほど
7527.927,ドイツとスペインに勝った:red_exclamation_mark:
7528.06,すご
7528.61,さいこう
7529.053,今日は祝日やな
7529.658,掌返しうざいだけど
7530.038,もう優勝するやろ！
7531.535,さいこう
7533.094,アンチ？？？？？？？？？？？？？？？
7533.965,さいこう
7534.308,ドイツ、スペインに勝った日本に勝ったコスタリカぎ最強でオケ？
7534.423,おめーーーー
7535.411,なんでこれでコスタリカに負けんねん
7536.311,アセンシオ抑えたのがでかい
7539.095,いやードイツとスペイン潰したったぞ
7539.818,コスタリカに負けたのはおかしかったんやな
7540.14,アンチはおねんねしときねー笑笑笑笑
7541.607,堂安ーーーーーーーー
7542.524,アンチはトイレに流しましょう
7543.571,やっぱ鉄はアツいうちに打つのが大事なんだね
7544.091,次クロアチアとか楽しみ！黄金世代との対決はまだなかったよね
7544.307,ドイツとスペインに勝ってコスタリカに負けるって
7544.943,三笘ディフェンスうますぎワロタ
7545.532,日本えぐい
7546.328,どうあんキラっきらやなｗ
7547.678,祝日頼む㊗
7549.129,まじで大穴日本やん
7549.81,黙れ
7549.835,日本国民手のひらドリル。
7550.212,堂安ありがとう
7550.212,ドイスペに勝ったぜ(๑•̀д•́ฅ:trophy:✧
7551.996,アンチじゃないけど2点目のやつ出てますやん
7552.696,ざこ
7553.827,結果が全てなんよ。森保さん悪く言ってる人わかってないな
7554.582,この結果、倍率はどのくらいなん？
7556.755,アンチは黙ってろ:musical_notes::musical_notes:
7560.009,ヤッター:raising_hands:
7561.315,ごめん。手のひら返します。なんでコスタリカに負けたんだ。
7562.109,まぢで大穴でしょこれは
7562.34,まじで今回はあるぞ
7562.726,アンチのアンチうるさい
7563.179,さいこう:double_exclamation_mark:
7564.278,また調子乗って日本人は騒ぐよなさっさと帰ってこい日本
7564.601,アンチは寝とけ！
7565.374,祝日です！
7566.172,森保好きやあ
7567.879,コスタリカに負けるって？
7568.254,あれ？手のひら返してて草www
7569.425,大穴やなぁ
7570.646,アンチいるの？笑笑
7570.766,お前が黙れ
7570.875,結局、8、9番だけ
7574.298,コスタリカと言うよりか日本は南米に弱いから予想はできた
7577.55,国民の皆さん
7578.048,あれ？
7578.85,オッズやべー
7579.123,正直、森保がメモり始めた時めっちゃ心配になったw
7579.41,大日本帝国万歳:double_exclamation_mark:
7579.782,勝ったぞ！！！！！
7581.304,あんちさん？
7582.569,雑魚サッカー日本
7582.715,手のひらドリラー息してる？
7583.193,おはよう
7583.682,前半から肩身狭く応援してて良かった・・
7583.924,全世界中でVAR判定動画が放送されまくるなｗｗｗｗｗｗ
7584.27,気持ちええええええええ
7584.549,ブラジル大喜び
7588.689,アンチの皆さんお疲れ様でーす！！
7590.155,そしてアンチはスペインを叩く…
7594.187,全ては森保の計画通り
7595.11,アンチかわいそーwwww
7598.153,日本　モロッコ？
7598.235,いやー勝った
7599.247,これがギャンブルだったらボロ儲け
7600.346,皆さん2点めんのやつ見てみてください出てるので
7603.055,アンチおつかれ
7606.982,ＶＲＡ見たいよね、
7607.07,久保信のディフェンス三笘＜久保信じないw
7607.732,アンチアンチ言ってマウント取ってるやつもきっしょいよ
7608.595,いやもう完璧遅刻よw
7608.825,なのにゴール認められちゃった
7609.806,森保エンターテイナーすぎて草
7610.444,清々しいな。
7610.951,確変きとる
7611.852,アンチスペイン叩いてて草ww
7611.853,ほんで次どこ〜？
7612.742,計画通り( ≖ᴗ≖)ﾆﾔｯ
7615.118,おつかれ
7616.27,嬉しすぎる
7617.874,旭日旗掲げろ
7620.49,:red_exclamation_mark::red_exclamation_mark::red_exclamation_mark:仕事休む:red_exclamation_mark::red_exclamation_mark::red_exclamation_mark::red_exclamation_mark:
7621.814,疑惑の2点目
7621.905,クロアチアの方が勝てそうだからよかったんじゃない、
7625.852,対戦相手の悪口言うとか日本の恥
7626.6,ひでぇ
7627.594,手のひら返しえっぐw
7628.288,仕事いきたくねーwww
7630.999,次はブラジル。
7631.411,次クロアチア:double_exclamation_mark:
7631.79,今からちょっと寝て学校行くぜーー！！！、
7631.955,次がフランスでその次ブラジルらしい
7632.076,次は負けろ
7632.182,今日は祝日ですね？
7632.477,流行語大賞は手のひら返しだな
7632.667,「ジャイアントだけキリング」www
7633.076,貫けよアンチw
7634.26,Goおめーだろ
7636.627,祝日になれやあああああああああ
7638.442,日本勝ったのーおめでとうございます(^-^)
7639.934,おれも学校いかないわ
7640.354,ブラジル楽しみやな
7640.447,今日有給休暇の俺
7641.469,疑惑の2点目
7641.773,次は負けろ
7643.109,ブラジルだぁ
7644.198,速報 スペイン叩かれる
7646.945,クロアチアかよ
7647.257,せやな、悪口はゴミ人間や
7648.507,アンチイランて
7649.083,もう一回！手のひら返し！！！
7653.534,ラインオーバーしてて草 買収日本:rolling_on_the_floor_laughing::rolling_on_the_floor_laughing::rolling_on_the_floor_laughing:
7653.535,さあ寝よう！
7653.535,応援全力でしたら届いた！
7655.808,これ日本優勝したらどうなるんw
7658.885,明日は祝日だよね
7659.114,アンチ発狂wwwwwwwwwwwwwwwwwwwwwwwwwwwwww
7662.833,ゆしゅ2点目のやつ外に出てたのにね:face_with_tears_of_joy:
7663.138,いや、出てたけど、判定は審判がしたんだから、今更だよ
7663.578,スペインは２位通過の方が良かったのか
7665.557,次はクロアチア
7666.765,あの2点目は疑惑、、
7667.066,今回ベスト8もいけるしょ
7668.823,手のひら戻し
7670.869,アンチアンチ言ってマウント取ってるやつも同レべできっしょいよ
7672.284,アンチおつかれ
7673.369,スペイン応援してるからて人　残念だったねｗ
7675.678,アンチwwwwww
7675.942,^@rs 
7678.817,えぐすぎ
7679.633,日本優勝したら日本が一位になります。
7680.092,サッカー民度（笑）
7680.278,年寄りとはいえ、モドリッチら黄金世代のクロアチアとやれるのは激アツ
7683.917,すぅごく好感持てるなぁ！！
7686.265,あはは・・今度は疑惑で憂さ晴らしか
7686.788,スペインとドイツに勝って、コスタリカに負ける国があるってマ？？
7687.33,２点目はAIの判断じゃないの？
7688.839,信じてて良かった
7690.81,ベスト8どころか優勝ある
7692.07,スペインに謝罪してくるわ:rolling_on_the_floor_laughing:
7694.902,今は喜べ
7695.882,これで一戦目奇跡じゃ無くなったかな？笑笑
7696.359,スペインの計画どおり
7696.823,モロッコの方がよかったな個人的に
7697.295,俺達の大日本帝国万歳！
7697.908,ここ民度悪
7698.514,祝日カモン
7698.567,日本優勝したら物価は下がり、国民が裕福に過ごせるようになりますよ！
7701.242,湘北かよ
7701.923,手首落ちてるんちゃう？
7704.335,FIFAランク、1位になるらしい
7708.154,確かに２点目は疑惑w
7708.686,結局ドイツとコスタリカ頑張って試合したの意味なくて草
7710.011,日本1じゃなくて世界1だろw
7711.723,祝日よこせ
7713.999,令和の方が圧倒的にいいね
7714.57,ごっつぁんゴールすぎ
7714.596,サッカー面白い！
7715.655,優勝した日は祝日になるな
7717.647,みんな今は喜ぼうぜ
7719.347,手のひらも返せれんかww
7719.458,次は負けろ日本
7719.794,予想通りか
7721.46,スペイン二位通過。コスタリカ惜しかった。
7723.161,俺の言った通り、田中アオが何かやってくれそうって言うのと、冨安が後半から入ってきて、予言した通り2ー1で勝った:smiling_face_with_smiling_eyes:
7724.417,寝不足や
7726.08,クロアチアきつくね？さっき見たけど
7727.741,くぅぅぅ〜〜2-1予想　逆か
7728.935,1位通過えぐすぎて草
7731.718,審判買収しといてよかった
7731.72,スペイン　勝　ドイツ　勝　コスタリカ　負　www
7733.498,ブラジルじゃなくてクロアチアか。すまんな。
7735.788,ラキティチ
7738.772,全て知るのは愚か者
7739.063,オールしたかいがあった
7741.227,負ける負ける言ってたやつ息してる？wwwwwwwwwwww
7742.157,まぢで誰も予想つかなかっただろこれ
7742.573,日本の1部のサポーターのせいでつまらんw
7744.201,次は負けろとかなんでこの試合見とったん笑
7744.389,次ブラジルかと思ったらクロアチアか　ラッキーだな
7744.702,アンチはよ寝とけおねんねしときーや笑笑
7746.437,クロアチアってランキング何位？
7746.96,でくさ
7748.323,完全にラインオーバーｗｗｗ:rolling_on_the_floor_laughing::rolling_on_the_floor_laughing::rolling_on_the_floor_laughing: 第２の韓国で草
7750.483,アンチアンチ言ってマウント取ってるやつも同レべできっしょいよ
7751.106,コスタリカも頑張ったな
7752.905,ツンデレしかおらんやん
7752.912,つぎは、クロアチア🇭🇷か、モロッコ🇲🇦？
7755.526,黙れやかさ
7756.805,コスタリカ負けたのくさ
7758.098,サッカーの話題いらんから日本政府がなにしてるか騒げ
7758.28,かす
7761.314,まぁいいか
7761.315,アンチおねんねの時間です笑笑笑
7762.224,負けるって言ったやつ誰や
7763.361,クロアチア世界一よ
7763.872,ベスト8!!
7764.187,クロアチア連携がやばい
7765.114,アンチはよ寝ろ
7766.336,クロアチア強いぞ
7766.374,ギャンブルって怖いね
7766.498,だれ？
7767.558,アンチアンチ言ってマウント取ってるやつも同レべできっしょいよ
7770.155,ニッポンいけるやん！！
7770.594,1位通過ワロタ　祝日で頼む
7770.774,あの２点目は絶対、物言いつきそうw
7770.941,コスタリカが負けたことによって日本が楽にいけた
7771.026,この放送も残念な感じ溢れてるのはんだろう　負ける試合を見たかった？？
7773.949,もお！おめでとうございます！！
7774.15,だまらっしゃい
7774.718,朝ご飯なににしよっかな〜
7776.293,クロアチア怖いな
7776.995,クロアチアは攻撃高いぞ
7778.831,2点目はVR判定だから200%有効
7779.199,確かにモロッコが良かったな　スペインにしてやられたか
7780.889,前の決勝トーナメントの時もクロアチアと戦ってベスト１６にされたのだよな。
7780.89,クロアチアちなみにくそ強い
7780.891,日本優勝おめでとー㊗
7783.946,勝った！！！！！！！
7783.947,日本頑張ったね:thumbs_up::thumbs_up::thumbs_up:
7784.464,色々言ってる人もほんとは嬉しいんよな、恥ずかしいんだよね素直になるのが
7784.722,あーばけもの
7785.15,見たか、これが日本だ
7785.707,これだからギャンブルはやめられない
7786.461,マンジュキッチ
7786.755,ヤフコメw
7787.177,ブラジル対スペインなんか？
7789.274,🇯🇵🇯🇵🇯🇵🇯🇵🇯🇵日本万歳:raising_hands:!!
7791.04,負けるって言ってたアンチが日本勝っちゃってなんか喚いてんのマジワロタwwwwwwwww
7791.144,コスタリカ対スペインは何点差だったっけ？
7791.825,グアルディオラがえぐい
7793.044,ドイツが気の毒
7795.421,スペイン、ドイツに勝って1位通過ってやばいやろ
7796.261,コスタリカに負けたのはなんだったんだww
7796.675,朝から気分がいいね
7797.057,こいつらバケモン
7798.185,これでわかったのは、日本のベンチはやはりだめだったってこと
7799.804,クロアチアとの心配しないといけないのか……w
7803.939,嬉しいです！朝から涙が止まりません！
7805.631,モドリッチおるからな
7808.354,ドイツはチームみだれすぎ
7808.621,あーねむ
7812.251,モロッコがいい
7812.67,来週の月曜日祝日にしてくれ
7813.523,今のクロアチアならワンちゃんある
7814.543,でもドイツもスペイン　化け物に勝った
7815.02,なぜコスタリカに負けたのか意味不やろまじで
7815.129,ベルギーは世界ランク2位な
7816.459,えぐすぎ
7816.773,フットボール万歳！:fire:
7819.596,スペインに勝つとは思わんかった
7820.751,コスタリカには負けるがスペインには勝つ国ww
7821.797,アンチとか被害妄想だろ:rolling_on_the_floor_laughing::rolling_on_the_floor_laughing::rolling_on_the_floor_laughing:
7823.361,寒いのに汗かいたわ:sweat_droplets:
7825.065,クロアチアのランキング何位？
7827.27,ドイツ強くね
7827.271,いい試合したんだからお互いのチームに拍手でいいだろお前ら。
7827.884,クロアチアと当たるのかﾅﾙﾎﾄﾞﾈ
7827.953,ドイツ前韓国にも負けたしもしかして今あんま強くない？
7830.062,モロッコ強いぞ
7830.687,アンチはよねろ
7831.305,この時間に批判のために起きてくるやつに草
7835.385,イニエスタどういう気持ちでみてるんだろう
7837.173,すべて森保監督の作戦だった...？
7838.713,だまらかす
7841.316,お前らニートか
7841.523,このためのコスタリカ戦？
7843.122,森保の対応が素晴らしかった
7845.503,次モドリッチか
7849.585,言い訳やめて
7850.183,クロアチア戦いつやるの？
7851.41,バンザーイ！
7852.548,アラーム消して二度寝していた私を目覚めさせてくれてありがとう！:face_blowing_a_kiss:
7855.72,モロッコジャイアントキリング系じゃね
7856.586,アンチまだ起きてるん？はよ寝ろよニート
7857.486,ドイツってW杯いつもやらかすよね
7858.713,スペインが7-0で破ったコスタリカに0-1で負けた国がスペインに勝った。どういうこと？
7858.89,仕事いきまーす
7859.103,ルカ・モドリッチ
7859.942,イニエスタもスペイン二位で通過出来たからホッとしてそう。
7860.075,スペインのスポーツライター号泣
7861.203,ブラジル🇧🇷
7861.78,クロアチア戦は最初から三笘、堂安、浅野を出して前田と久保と長友は封印してほしい。あいつらは無意味
7861.96,手の平くるっくるで大変やなｗ
7867.58,クロアチアにボコボコにされる日本
7869.611,だまれ偽物
7871.147,アンチはよ寝ろや
7874.435,批判のためにわざわざ起きてYouTubeのライブ見るとはよっぽどやることないんか
7877.359,仕事でーす日本ナイスでした
7877.523,田中のインタビュー聞こう
7878.149,スペインが7-0で破ったコスタリカに0-1で負けた国がスペインに勝った。どういうこと？
7879.391,祝日よろ
7879.63,化け物
7881.247,全てポイチの作戦通り
7881.47,モロッコのほうがなんとなく嫌
7882.993,偽物(笑):grinning_squinting_face::bomb::sparkles:
7886.09,手のひらくるくるしてもいいさ
7890.247,Gl突破でまんぞくや
7892.716,アンチアンチ言ってマウント取ってるやつも同レべできっしょいよ
7892.774,手のひら540°回ったわ
7895.232,クロアチアまじ強いでちなみに
7895.559,アンチとか被害妄想おつｗｗｗ:rolling_on_the_floor_laughing::rolling_on_the_floor_laughing::rolling_on_the_floor_laughing:
7896.85,もう祝日にして欲しい
7897.659,勝ったんだ。ふーん
7898.195,やばー てかすごすぎ
7899.024,スペインは決勝までブラジルとあたらいね
7901.152,堂安て、これまで決めた目標すべて達成してるらしい
7901.777,宇宙海賊
7905.535,つぎクロアチアやん
7905.604,岸田(祝日を検討します()
7905.969,起きててよかった今から寝ます
7906.131,そうだよ
7908.122,日本が1位通過って誰が予想すんねん
7908.971,よくやった:double_exclamation_mark:
7910.13,大日本帝国万歳！
7912.371,モドリッチか
7913.926,森保「前半は日本の影武者」
7920.256,大日本帝国万歳
7922.233,日本代表すきだわ
7922.823,休みは？
7927.647,日本おめでとう!!次も頑張れ
7930.658,スペインは宣言通り狙った2位通過
7933.255,日本流石！！
7936.471,韓国vsポルトガルとか興味なくて草
7939.654,エルヴィンとかいう奴は、コンドームが破けたせいで生まれて来たこと間違いなしの腐れ外道やな
7941.203,モドリッチ削ればわんちゃんある
7942.362,おやすみ
7943.674,まぁ作戦勝ちではあるか
7945.002,お前らの宣伝はどうでもええわ
7948.248,韓国？どうでもいいわｗ
7949.006,どーでもいいわ!寝よ
7949.093,サッカー知らんけど、和尚さんめっちゃ頑張って走ってたような気がする
7952.203,森保監督はあれだけボロカスに批判されてよく耐えたな。
7953.69,ブラボーはインタビュー無いの？
7953.763,CDは興味ない！日本応援しよう！
7954.011,みんなで休めば会社は自然と休まざるを得ない
7954.318,次いつやねん？
7954.354,スペイン対ブラジルってことかー
7956.07,負け惜しみ勢の大半は半島から・・
7956.321,17田中イケメンニキ
7957.449,お前らはいいわ
7958.095,このグループで決勝トーナメントにいけるなんて、夢？
7960.681,宣伝消えろ
7962.004,見てるこっちもつかれた
7965.657,スペインそもそもサブがバケモン
7966.841,ジャニーズ？
7966.859,宣伝いらんわ
7969.765,前田と久保と長友は本当に無意味　森保監督は俺のコメント見ろ（笑）
7970.391,アベマのやつ誰やねん。
7971.156,喧嘩するなよ恥ずかしいぞ
7973.613,番宣すな
7973.797,イケメン
7974.153,三笘と堂安は期待以上だった素晴らしい
7974.988,いてきます。。
7979.009,ブラボー聞いてから寝る
7981.122,なぞの韓国押しきたー
7981.78,ミルク:cow::red_question_mark:
7982.369,だれ？
7984.273,なんで同じ日本人同士で争ってんのこのコメ欄
7984.363,田中あおガチイケメンやな
7984.641,ドイツと、スペインにかって、なぜコスタリカに負けるの:red_question_mark::thinking_face:w
7985.315,:red_exclamation_mark::red_exclamation_mark::red_exclamation_mark::red_exclamation_mark::red_exclamation_mark:みんな仕事休もう:red_exclamation_mark::red_exclamation_mark::red_exclamation_mark::red_exclamation_mark::red_exclamation_mark:宴だあああああ
7990.661,おやすみなさい
7990.769,ところで、こいつら誰やねん
7992.464,コスタリカ戦で森保監督と日本代表ディスってた連中息してる？
7993.792,香川おるやん
7995.171,アンチはよ寝ろや
8001.998,ペリシッチ、コスタリカなん
8002.574,お前ら誰やねん
8002.884,三苫強かったなー
8006.572,三笘ヤバすぎる。
8008.116,よくやったまぐれジャパン！！！！
8008.781,ペリシッチ、クロアチアなん
8009.826,まだ1時間は寝れるな
8011.545,えぐ
8017.167,お疲れ様です
